Lifespan,partType,microstructure,coolingRate,quenchTime,forgeTime,HeatTreatTime,Nickel%,Iron%,Cobalt%,Chromium%,smallDefects,largeDefects,sliverDefects,seedLocation,castType
1107.81,Valve,singleGrain,27,2.64,8.08,23.35,60.65,19.76,15.18,4.41,7,0,0,Top,Investment
1226.13,Valve,colGrain,24,4.06,1.11,24.98,52.47,31.630000000000003,12.32,3.58,30,1,0,Top,Continuous
1914.12,Blade,singleGrain,20,4.36,8.54,34.71,60.98,26.56,11.6,0.86,22,0,0,Bottom,Continuous
1240.83,Valve,singleGrain,14,3.59,8.83,21.61,54.13,26.71,17.81,1.35,10,0,0,Bottom,Continuous
1599.4,Nozzle,singleGrain,22,3.06,3.04,29.65,62.88,24.06,12.08,0.98,21,0,0,Top,Investment
1189.71,Block,colGrain,26,2.17,9.02,35.46,62.16,24.47,12.67,0.7,23,0,0,Top,Investment
1127.71,Valve,equiGrain,11,2.2,8.23,9.91,54.94,27.48,13.21,4.37,12,4,0,Top,Investment
1352.18,Nozzle,singleGrain,15,1.26,7.57,30.16,56.97,24.61,13.85,4.57,18,0,2,Top,Investment
1144.63,Block,singleGrain,5,1.63,1.31,2.05,61.32,28.08,5.81,4.79,5,0,0,Bottom,Continuous
647.56,Valve,colGrain,9,3.01,4.04,14.06,51.42,30.419999999999995,16.06,2.1,5,0,0,Top,Investment
1229.35,Valve,singleGrain,12,0.51,6.61,43.08,55.8,24.08,15.75,4.37,8,0,0,Bottom,Die
1566.24,Valve,equiGrain,16,1.86,4.06,49.18,54.55,33.470000000000006,7.62,4.36,11,0,0,Top,Continuous
805.58,Valve,equiGrain,27,4.95,1.49,51.17,54.39,34.059999999999995,7.99,3.56,28,2,0,Bottom,Continuous
1366.59,Block,equiGrain,28,3.41,4.55,14.18,62.52,23.39,10.3,3.79,34,3,0,Bottom,Continuous
1105.83,Nozzle,equiGrain,29,2.11,7.75,49.85,61.26,28.72,7.16,2.86,37,0,0,Bottom,Die
1094.93,Valve,equiGrain,15,1.44,9.16,36.47,52.68,37.84,7.19,2.29,0,0,0,Top,Investment
1139.59,Block,colGrain,14,1.2,6.71,13.85,50.58,32.77,11.72,4.93,11,4,0,Top,Continuous
1054.41,Nozzle,colGrain,7,3.54,3.62,6.59,69.72,8.49,16.87,4.92,6,0,0,Top,Continuous
1696.23,Nozzle,singleGrain,18,3.86,5.32,17.35,52.15,38.39,7.18,2.28,9,0,0,Top,Die
943.52,Nozzle,singleGrain,29,1.62,4.48,33.07,53.87,26.200000000000003,18.82,1.11,30,0,0,Top,Continuous
1905.11,Block,equiGrain,16,3.97,8.44,21.16,55.85,20.22,19.73,4.2,19,1,0,Top,Continuous
1033.27,Valve,singleGrain,29,1.86,4.53,25.17,59.0,20.99,18.14,1.87,35,0,0,Bottom,Die
1925.19,Block,equiGrain,17,2.32,7.91,18.94,57.34,28.78,10.66,3.22,16,0,0,Bottom,Investment
943.47,Nozzle,singleGrain,7,3.14,6.42,57.88,62.17,26.82,8.66,2.35,4,0,0,Top,Investment
929.12,Valve,colGrain,10,3.76,9.18,36.0,69.96,11.320000000000007,16.43,2.29,0,0,0,Bottom,Die
1282.75,Valve,colGrain,20,2.82,6.9,59.13,55.03,30.35,13.84,0.78,12,2,0,Top,Die
1394.49,Nozzle,colGrain,15,1.47,2.67,22.3,55.0,24.21,18.24,2.55,8,2,0,Bottom,Continuous
1702.1,Block,colGrain,25,3.64,2.88,7.27,60.11,30.78,5.84,3.27,22,0,0,Bottom,Continuous
960.58,Valve,singleGrain,15,3.9,7.74,21.2,51.49,31.639999999999997,14.8,2.07,9,0,7,Bottom,Die
1470.51,Blade,colGrain,21,4.79,1.75,13.93,67.85,17.960000000000004,12.82,1.37,23,0,0,Bottom,Investment
1572.14,Nozzle,colGrain,19,3.27,1.04,34.7,51.24,36.62,10.26,1.88,17,0,0,Bottom,Die
758.13,Valve,equiGrain,28,0.77,1.08,7.65,53.39,36.32,5.71,4.58,34,0,0,Top,Continuous
1152.95,Valve,equiGrain,29,3.08,4.9,27.55,64.18,18.159999999999997,14.46,3.2,36,0,0,Top,Investment
1323.63,Block,equiGrain,24,2.37,7.39,59.1,67.41,24.290000000000003,6.69,1.61,23,0,0,Bottom,Investment
1725.43,Block,singleGrain,15,2.58,6.2,31.27,67.0,13.080000000000002,16.79,3.13,11,0,0,Bottom,Die
959.25,Valve,singleGrain,6,4.69,7.62,16.35,57.81,28.82,11.2,2.17,2,0,0,Bottom,Die
1437.26,Nozzle,singleGrain,14,1.08,3.37,25.46,56.1,30.86,10.54,2.5,9,0,0,Bottom,Die
1729.0,Valve,equiGrain,19,2.16,8.1,43.24,69.93,12.889999999999992,14.4,2.78,0,0,0,Top,Investment
1111.53,Valve,colGrain,5,4.46,5.1,20.63,62.01,21.370000000000005,14.44,2.18,0,1,0,Bottom,Continuous
968.45,Blade,equiGrain,8,0.94,6.53,23.91,58.18,26.22,11.08,4.52,0,0,0,Bottom,Die
1551.94,Block,singleGrain,17,4.63,5.88,53.56,52.79,36.71,7.36,3.14,18,0,3,Bottom,Investment
1818.86,Valve,singleGrain,16,3.86,5.64,36.47,67.05,12.240000000000006,15.87,4.84,25,0,0,Top,Die
1137.77,Block,colGrain,22,4.38,8.05,59.09,51.86,25.1,19.97,3.07,33,0,0,Top,Continuous
813.8,Block,equiGrain,30,1.52,6.22,48.53,53.11,34.2,10.89,1.8,29,0,0,Bottom,Investment
971.32,Block,colGrain,28,4.97,2.89,51.34,54.14,28.41,13.35,4.1,38,1,0,Top,Continuous
1250.51,Block,singleGrain,30,3.43,7.95,22.9,65.94,15.86,16.87,1.33,36,0,0,Top,Die
1505.11,Valve,equiGrain,22,2.49,5.86,24.94,67.19,9.370000000000005,18.79,4.65,27,2,0,Bottom,Continuous
1146.75,Nozzle,equiGrain,5,4.27,8.71,47.96,65.69,21.69,8.28,4.34,19,0,0,Top,Continuous
951.53,Block,singleGrain,27,3.36,5.56,16.4,53.17,31.11,12.04,3.68,36,0,6,Top,Die
1135.32,Nozzle,equiGrain,13,1.57,3.29,3.55,50.62,33.190000000000005,12.87,3.32,10,0,0,Top,Die
1297.38,Nozzle,colGrain,12,3.47,9.69,54.48,55.89,29.3,10.51,4.3,9,0,0,Bottom,Continuous
1872.07,Nozzle,colGrain,19,4.78,4.52,29.85,69.46,11.390000000000008,14.61,4.54,25,2,0,Bottom,Die
956.84,Valve,singleGrain,6,1.2,6.93,23.16,58.83,27.37,11.3,2.5,19,0,0,Top,Die
1938.48,Blade,colGrain,18,3.19,9.81,30.14,65.44,18.64,11.03,4.89,16,0,0,Bottom,Continuous
1021.55,Blade,singleGrain,9,4.41,4.85,41.49,57.54,20.46,17.48,4.52,0,0,0,Top,Investment
869.17,Block,equiGrain,6,4.83,5.02,46.11,52.27,37.06,7.85,2.82,3,0,0,Bottom,Investment
1445.2,Valve,equiGrain,19,3.28,4.63,18.3,52.67,31.01,14.8,1.52,18,4,0,Bottom,Die
1206.71,Block,singleGrain,28,3.85,3.71,46.21,61.39,28.81,8.31,1.49,42,0,0,Top,Die
1097.08,Nozzle,singleGrain,8,1.83,9.86,27.21,66.34,18.41,13.39,1.86,0,0,2,Top,Die
1838.62,Blade,singleGrain,17,3.31,9.91,33.19,59.33,26.930000000000003,12.01,1.73,17,0,0,Bottom,Die
863.29,Block,singleGrain,5,4.11,9.43,41.07,51.27,30.84,16.18,1.71,0,0,0,Top,Continuous
1259.13,Nozzle,colGrain,16,2.97,6.96,55.03,50.69,42.79,5.59,0.93,23,1,0,Top,Die
1539.28,Block,colGrain,24,1.3,4.28,13.88,58.48,19.610000000000007,18.15,3.76,25,4,0,Bottom,Investment
898.18,Blade,equiGrain,26,2.51,7.75,4.11,55.35,23.29,16.67,4.69,22,0,0,Top,Die
1708.32,Block,equiGrain,11,2.41,1.22,35.13,62.48,18.51,14.74,4.27,7,0,0,Bottom,Continuous
1570.3,Nozzle,singleGrain,20,2.46,4.34,41.6,53.16,35.34,10.72,0.78,19,0,1,Bottom,Die
1067.22,Blade,colGrain,29,4.47,4.0,8.68,56.72,24.14,16.8,2.34,27,0,0,Bottom,Continuous
913.1,Valve,singleGrain,6,1.08,7.77,30.31,69.94,22.91,5.62,1.53,1,0,0,Bottom,Continuous
2046.41,Block,equiGrain,16,4.24,4.59,21.9,61.38,23.76,13.28,1.58,18,0,0,Bottom,Continuous
1216.08,Block,singleGrain,13,2.03,9.55,35.52,50.69,31.020000000000003,17.54,0.75,11,0,0,Bottom,Continuous
1480.46,Valve,colGrain,21,2.43,2.21,31.25,67.05,18.69,12.82,1.44,26,1,0,Bottom,Continuous
1512.25,Block,equiGrain,13,1.37,2.25,7.84,58.93,18.32,17.77,4.98,4,0,0,Top,Continuous
1799.0,Valve,singleGrain,20,4.69,8.39,25.25,61.05,22.47,13.8,2.68,17,0,4,Bottom,Investment
1259.59,Blade,equiGrain,22,2.55,7.67,54.65,68.09,13.619999999999996,17.49,0.8,25,0,0,Bottom,Investment
1487.03,Valve,singleGrain,21,1.4,9.34,41.78,66.07,11.620000000000008,18.15,4.16,33,0,0,Top,Die
1456.85,Nozzle,singleGrain,12,4.64,5.6,55.02,63.15,26.08,10.15,0.62,13,0,0,Top,Continuous
1802.55,Nozzle,colGrain,17,1.66,3.11,4.4,67.23,22.05,6.02,4.7,18,3,0,Bottom,Investment
962.83,Nozzle,equiGrain,10,2.24,7.29,9.2,56.34,25.469999999999995,14.73,3.46,17,3,0,Top,Die
915.9,Nozzle,equiGrain,27,2.02,3.97,58.85,63.51,18.83,16.34,1.32,43,0,0,Top,Die
1563.05,Blade,colGrain,21,2.05,9.73,34.16,62.97,29.11,6.39,1.53,20,0,0,Top,Continuous
1668.74,Block,colGrain,14,2.95,9.15,31.52,66.2,24.02,5.7,4.08,12,1,0,Bottom,Investment
1764.78,Nozzle,equiGrain,18,2.68,3.45,45.58,56.52,35.03999999999999,6.27,2.17,8,0,0,Top,Investment
927.95,Block,colGrain,27,2.17,7.41,59.76,57.62,20.99,17.15,4.24,59,0,0,Top,Continuous
640.94,Nozzle,equiGrain,9,0.94,2.74,7.67,50.94,32.440000000000005,12.61,4.01,10,3,0,Top,Investment
1031.55,Nozzle,singleGrain,6,4.12,2.08,51.0,56.84,24.31,15.2,3.65,2,0,0,Bottom,Continuous
1091.94,Nozzle,singleGrain,12,4.91,1.99,58.41,55.46,24.42,18.17,1.95,9,0,1,Bottom,Investment
1429.71,Block,equiGrain,13,1.33,6.22,33.62,57.66,35.660000000000004,5.57,1.11,7,0,0,Bottom,Investment
855.08,Valve,colGrain,8,0.56,1.12,6.76,65.13,15.110000000000005,19.13,0.63,0,3,0,Top,Die
1053.14,Blade,colGrain,5,2.46,8.65,12.52,60.22,21.75,14.91,3.12,0,3,0,Top,Die
869.1,Valve,equiGrain,30,3.81,7.5,46.87,62.14,30.83,6.08,0.95,39,4,0,Top,Investment
890.58,Valve,singleGrain,29,2.79,7.85,54.57,62.89,15.080000000000002,17.08,4.95,30,0,0,Bottom,Investment
424.24,Blade,colGrain,9,1.24,1.14,54.39,51.43,37.3,10.69,0.58,9,0,0,Top,Die
1045.0,Blade,colGrain,29,0.66,4.72,33.16,60.29,28.0,9.28,2.43,12,4,0,Top,Investment
1372.7,Valve,colGrain,12,1.35,8.08,49.08,62.67,27.77,5.93,3.63,11,1,0,Bottom,Die
1679.67,Nozzle,equiGrain,22,4.46,4.34,19.44,65.09,12.579999999999998,19.83,2.5,24,0,0,Bottom,Die
999.07,Valve,singleGrain,10,2.7,4.55,48.18,60.12,23.15,13.61,3.12,2,0,0,Bottom,Investment
1129.3,Nozzle,colGrain,7,1.2,8.09,43.58,67.11,17.020000000000003,12.95,2.92,0,2,0,Bottom,Continuous
1846.34,Blade,singleGrain,20,2.32,7.35,50.55,59.6,27.03,8.94,4.43,24,0,0,Top,Continuous
1369.74,Blade,singleGrain,17,1.33,1.06,27.16,51.92,25.76,17.54,4.78,18,0,5,Bottom,Investment
989.33,Blade,colGrain,11,1.01,6.22,13.74,50.49,34.53,10.2,4.78,11,0,0,Bottom,Investment
1937.39,Nozzle,singleGrain,17,4.62,8.53,42.04,60.59,22.23,14.98,2.2,13,0,0,Bottom,Die
1430.39,Block,equiGrain,13,1.89,7.74,51.73,61.02,26.27,11.55,1.16,10,0,0,Bottom,Die
999.93,Valve,colGrain,5,2.22,8.13,41.68,60.85,28.25,7.52,3.38,7,0,0,Top,Investment
1164.15,Blade,equiGrain,5,1.29,8.27,23.07,61.69,26.21,9.0,3.1,0,0,0,Top,Continuous
1513.24,Block,equiGrain,12,0.82,9.82,17.28,58.29,22.14,17.98,1.59,10,0,0,Bottom,Continuous
976.34,Blade,equiGrain,29,1.04,7.41,24.83,62.39,24.040000000000003,13.01,0.56,31,4,0,Bottom,Die
1287.78,Valve,singleGrain,23,4.94,3.15,50.06,57.52,29.6,10.9,1.98,18,0,0,Top,Investment
959.41,Blade,singleGrain,28,2.93,7.85,54.77,66.93,22.749999999999996,8.95,1.37,30,0,0,Bottom,Die
966.11,Block,singleGrain,27,1.17,8.72,15.64,54.5,23.74,19.85,1.91,29,0,4,Bottom,Continuous
1014.92,Nozzle,colGrain,28,3.43,8.04,56.84,60.58,23.45,13.06,2.91,25,0,0,Top,Die
847.76,Valve,colGrain,9,0.99,5.77,32.36,55.5,31.75,9.08,3.67,2,0,0,Bottom,Investment
1095.56,Valve,singleGrain,10,3.88,7.41,11.04,61.82,20.39,13.64,4.15,3,0,0,Top,Die
1545.78,Block,singleGrain,23,4.75,2.77,22.38,56.17,28.86,13.56,1.41,20,0,0,Top,Continuous
1573.96,Valve,colGrain,23,2.28,2.88,21.41,62.75,17.49,15.48,4.28,15,0,0,Top,Continuous
1071.77,Block,singleGrain,28,1.84,5.95,23.53,54.14,32.62,9.36,3.88,39,0,0,Top,Investment
1258.16,Nozzle,colGrain,15,4.37,1.84,59.89,61.85,18.99,17.96,1.2,10,0,0,Bottom,Die
1081.14,Block,colGrain,10,3.94,8.65,5.94,60.94,19.32,17.92,1.82,4,4,0,Bottom,Die
1880.69,Block,singleGrain,17,0.93,4.02,50.48,58.71,27.59,9.89,3.81,22,0,0,Bottom,Investment
1094.49,Block,colGrain,7,4.4,8.08,17.33,57.86,20.84,18.39,2.91,0,4,0,Bottom,Investment
947.97,Blade,singleGrain,8,1.68,7.28,53.96,62.43,27.39,5.25,4.93,12,0,0,Top,Continuous
1967.14,Block,singleGrain,19,5.0,7.17,31.95,59.18,23.33,12.67,4.82,14,0,0,Bottom,Die
1052.82,Blade,colGrain,29,4.76,6.54,5.13,62.49,20.44,12.23,4.84,37,0,0,Bottom,Investment
1535.13,Valve,equiGrain,15,4.02,3.64,30.15,61.43,20.33,14.64,3.6,12,0,0,Bottom,Die
804.06,Nozzle,singleGrain,7,2.96,6.72,22.8,52.55,40.2,5.96,1.29,0,0,0,Bottom,Die
1221.43,Nozzle,singleGrain,30,1.97,7.13,34.4,68.83,9.460000000000004,18.88,2.83,24,0,0,Top,Continuous
1506.5,Valve,singleGrain,20,0.59,6.39,49.57,56.51,26.450000000000003,14.61,2.43,13,0,3,Top,Die
1335.29,Block,singleGrain,25,4.65,7.34,8.44,51.99,31.59,12.69,3.73,33,0,0,Top,Investment
1596.1,Nozzle,colGrain,25,4.23,4.28,26.08,62.87,22.570000000000004,12.76,1.8,26,0,0,Top,Investment
1519.18,Block,equiGrain,25,2.5,7.61,25.24,69.75,17.990000000000002,9.36,2.9,22,4,0,Bottom,Investment
1001.56,Blade,colGrain,6,0.83,7.86,18.96,64.52,17.320000000000004,17.18,0.98,0,0,0,Top,Die
1078.64,Blade,equiGrain,11,4.01,9.56,26.61,50.8,29.590000000000003,17.53,2.08,10,0,0,Bottom,Investment
974.27,Block,equiGrain,5,3.4,9.11,29.32,54.74,38.3,5.18,1.78,0,0,0,Top,Die
921.41,Nozzle,colGrain,8,1.15,6.35,38.64,55.03,27.49,15.22,2.26,0,2,0,Bottom,Continuous
1541.6,Nozzle,equiGrain,18,1.9,7.11,24.28,51.27,36.87,9.69,2.17,20,0,0,Bottom,Die
1551.83,Nozzle,singleGrain,11,0.71,2.61,37.78,62.03,16.069999999999997,19.21,2.69,14,0,0,Top,Die
1017.01,Nozzle,singleGrain,8,0.59,9.37,31.74,68.59,23.28,6.9,1.23,0,0,0,Bottom,Die
824.57,Block,equiGrain,28,1.88,9.05,28.38,50.01,27.1,18.86,4.03,27,0,0,Bottom,Investment
785.43,Valve,singleGrain,26,4.76,7.76,31.87,54.89,30.230000000000004,13.05,1.83,34,0,8,Top,Continuous
1743.95,Block,singleGrain,20,2.49,3.47,21.77,51.45,35.11,11.58,1.86,9,0,0,Top,Continuous
1222.79,Block,equiGrain,29,1.19,1.6,42.77,61.01,17.540000000000003,17.95,3.5,28,0,0,Top,Investment
1118.41,Block,singleGrain,27,2.64,4.89,25.46,67.16,16.020000000000003,15.99,0.83,28,0,6,Bottom,Die
1856.17,Valve,colGrain,17,1.2,3.88,12.28,59.64,17.28,19.24,3.84,15,0,0,Top,Continuous
1514.54,Nozzle,colGrain,21,1.53,9.06,21.68,63.92,27.24,7.86,0.98,15,1,0,Top,Investment
1082.09,Nozzle,singleGrain,5,4.33,7.62,4.97,65.44,21.7,8.42,4.44,3,0,6,Bottom,Continuous
1106.25,Nozzle,equiGrain,28,4.3,6.33,42.33,56.21,23.28,16.3,4.21,25,0,0,Top,Continuous
1391.16,Nozzle,equiGrain,22,3.35,3.39,50.52,57.33,28.130000000000003,13.96,0.58,24,0,0,Bottom,Continuous
1840.29,Nozzle,equiGrain,17,1.89,4.36,38.46,60.28,24.29,14.47,0.96,18,0,0,Bottom,Die
1464.42,Blade,equiGrain,14,1.75,2.5,7.7,66.66,25.42,5.44,2.48,7,2,0,Top,Die
1863.49,Valve,singleGrain,19,1.37,3.97,40.17,69.2,12.31,14.94,3.55,19,0,0,Bottom,Continuous
1317.86,Nozzle,equiGrain,12,4.58,2.39,40.66,55.82,32.09,10.36,1.73,0,3,0,Top,Die
1962.88,Block,singleGrain,18,4.0,2.26,10.67,63.21,19.66,15.65,1.48,20,0,5,Top,Continuous
1512.21,Block,equiGrain,15,0.89,7.22,44.81,67.43,14.309999999999995,14.69,3.57,11,4,0,Bottom,Investment
1298.01,Block,equiGrain,28,4.29,7.74,33.88,66.94,20.140000000000004,10.26,2.66,34,0,0,Top,Die
1151.99,Nozzle,equiGrain,7,1.61,5.68,6.5,61.41,22.200000000000003,12.72,3.67,1,0,0,Top,Die
1166.18,Valve,singleGrain,10,2.47,9.91,12.94,62.67,13.999999999999996,19.76,3.57,2,0,0,Bottom,Continuous
1076.97,Valve,singleGrain,23,0.97,9.31,52.52,57.99,21.21,16.83,3.97,23,0,8,Bottom,Investment
1562.06,Block,colGrain,16,3.81,3.62,15.91,50.79,28.98,18.67,1.56,32,0,0,Top,Investment
1802.03,Blade,colGrain,19,4.76,7.69,27.02,57.28,28.64,10.11,3.97,41,0,0,Top,Investment
1315.49,Nozzle,equiGrain,14,3.28,2.47,45.91,52.85,26.05,17.49,3.61,19,0,0,Top,Continuous
1427.99,Block,colGrain,12,2.34,5.7,20.78,56.21,33.82,9.18,0.79,10,3,0,Bottom,Continuous
1734.29,Nozzle,singleGrain,21,4.99,4.61,27.9,65.51,18.95,12.41,3.13,24,0,0,Bottom,Die
1042.2,Blade,colGrain,30,1.67,8.17,11.34,69.11,17.46,9.57,3.86,34,0,0,Bottom,Investment
1477.89,Block,equiGrain,22,1.23,9.51,11.25,59.86,25.16,14.21,0.77,24,2,0,Bottom,Die
974.92,Valve,singleGrain,22,1.02,3.75,39.4,50.24,26.01,18.79,4.96,22,0,0,Bottom,Die
1618.87,Blade,colGrain,11,1.76,6.77,16.1,63.78,23.09,10.04,3.09,3,0,0,Top,Continuous
1203.84,Valve,colGrain,22,1.72,4.86,3.31,54.96,27.64,14.53,2.87,40,0,0,Top,Investment
1220.77,Block,equiGrain,21,2.61,7.05,35.62,50.19,36.260000000000005,12.69,0.86,19,0,0,Bottom,Continuous
774.03,Nozzle,colGrain,10,2.45,2.6,26.76,53.25,31.19,14.63,0.93,0,2,0,Bottom,Die
1078.45,Blade,colGrain,29,1.74,5.83,14.84,57.75,34.05,5.11,3.09,25,0,0,Top,Die
877.27,Valve,equiGrain,5,1.22,6.18,31.61,60.26,24.110000000000003,15.09,0.54,0,0,0,Bottom,Investment
1450.31,Valve,singleGrain,25,4.9,4.67,37.89,64.6,23.140000000000004,11.59,0.67,29,0,0,Top,Die
570.02,Blade,colGrain,7,1.73,3.83,54.83,50.9,39.36,6.63,3.11,0,3,0,Top,Continuous
1567.29,Nozzle,singleGrain,20,4.2,8.36,45.92,50.55,32.7,13.06,3.69,14,0,0,Bottom,Investment
950.68,Valve,singleGrain,27,3.69,8.23,15.26,68.47,22.64,6.07,2.82,38,0,7,Top,Die
1323.59,Valve,colGrain,11,4.48,9.14,12.4,59.69,33.550000000000004,5.64,1.12,10,0,0,Bottom,Die
1620.74,Block,equiGrain,18,4.1,1.39,52.84,54.16,29.850000000000005,14.65,1.34,37,0,0,Top,Continuous
1405.17,Valve,equiGrain,16,2.89,8.87,1.89,53.16,29.410000000000004,12.72,4.71,17,0,0,Bottom,Investment
906.42,Blade,colGrain,9,2.03,7.34,20.12,54.86,30.930000000000003,10.83,3.38,0,0,0,Bottom,Investment
1198.47,Blade,singleGrain,25,4.66,3.4,39.62,50.79,25.1,19.47,4.64,22,0,0,Top,Continuous
1450.46,Valve,equiGrain,14,1.64,9.16,22.37,60.74,18.33,17.68,3.25,9,0,0,Bottom,Investment
866.41,Valve,singleGrain,8,1.35,8.83,36.55,59.58,22.46,15.77,2.19,1,0,4,Bottom,Investment
979.34,Blade,equiGrain,9,1.61,3.2,2.93,65.36,20.79,12.92,0.93,8,3,0,Top,Continuous
1411.9,Blade,singleGrain,22,4.98,3.57,45.75,58.59,25.11,15.19,1.11,25,0,0,Bottom,Die
1891.4,Nozzle,equiGrain,19,4.94,9.22,21.66,58.49,21.99,15.14,4.38,28,0,0,Top,Investment
1412.78,Blade,colGrain,24,4.23,4.07,1.65,59.35,22.89,13.16,4.6,24,0,0,Bottom,Die
550.31,Valve,singleGrain,6,2.41,8.88,1.28,51.77,32.13999999999999,13.67,2.42,0,0,6,Top,Continuous
1345.44,Nozzle,colGrain,21,3.48,9.31,28.57,51.98,37.6,7.88,2.54,23,0,0,Bottom,Continuous
1460.49,Blade,colGrain,11,1.11,3.49,4.68,65.61,22.37,10.48,1.54,8,0,0,Bottom,Continuous
758.2,Block,singleGrain,10,4.34,4.93,51.69,51.45,31.82,14.18,2.55,1,0,1,Top,Die
1103.17,Blade,colGrain,8,3.25,4.69,47.09,66.96,11.140000000000008,18.22,3.68,0,1,0,Bottom,Die
1584.24,Block,singleGrain,21,0.9,5.35,11.36,67.24,22.67,5.17,4.92,29,0,3,Top,Continuous
814.71,Block,equiGrain,7,2.3,9.13,38.6,53.94,31.020000000000003,14.18,0.86,0,3,0,Bottom,Die
1804.11,Blade,colGrain,20,4.96,9.83,5.81,62.57,20.56,15.98,0.89,13,0,0,Top,Investment
1005.3,Blade,colGrain,9,0.99,8.14,1.68,63.86,26.040000000000003,8.61,1.49,0,0,0,Top,Continuous
1383.23,Block,equiGrain,25,4.5,4.55,10.24,53.61,29.55,13.22,3.62,23,4,0,Bottom,Die
1263.89,Blade,colGrain,25,4.56,9.46,57.78,68.59,19.53,8.82,3.06,26,1,0,Bottom,Investment
1375.42,Nozzle,equiGrain,14,4.64,2.44,41.42,55.62,36.16,5.46,2.76,10,2,0,Bottom,Die
1113.0,Nozzle,equiGrain,9,0.67,1.23,33.05,60.37,29.25,7.24,3.14,0,0,0,Top,Investment
1240.83,Block,equiGrain,29,4.57,1.67,25.57,60.13,23.08,14.97,1.82,29,2,0,Bottom,Continuous
1108.17,Valve,colGrain,8,3.99,8.4,30.66,64.97,21.38,9.96,3.69,1,0,0,Bottom,Investment
1358.55,Nozzle,equiGrain,27,2.92,5.65,14.19,65.89,22.46,8.21,3.44,26,0,0,Top,Continuous
716.53,Block,equiGrain,28,4.78,6.75,55.04,51.98,30.730000000000008,12.7,4.59,29,1,0,Top,Investment
848.78,Block,colGrain,5,0.95,1.72,35.42,53.67,38.16,7.53,0.64,13,1,0,Top,Continuous
727.35,Blade,colGrain,28,3.34,1.59,11.33,50.09,28.41,17.78,3.72,42,0,0,Top,Investment
1044.42,Valve,singleGrain,9,4.12,5.51,1.27,59.67,28.25,8.16,3.92,10,0,0,Top,Continuous
957.98,Nozzle,singleGrain,26,4.47,5.04,36.97,56.21,32.06,10.34,1.39,38,0,3,Bottom,Die
1721.61,Valve,colGrain,19,1.19,7.28,41.39,63.92,28.75,6.41,0.92,23,4,0,Top,Continuous
1747.12,Block,colGrain,16,4.69,7.46,15.03,55.57,34.98,8.63,0.82,21,0,0,Top,Die
1289.67,Block,colGrain,28,3.21,7.08,31.66,60.23,26.83,9.49,3.45,33,0,0,Bottom,Die
1501.8,Blade,equiGrain,15,2.22,1.85,19.24,57.6,31.950000000000003,6.23,4.22,10,0,0,Bottom,Continuous
916.99,Valve,equiGrain,8,0.88,6.49,3.64,62.02,15.229999999999997,17.8,4.95,4,1,0,Top,Continuous
1607.82,Block,singleGrain,23,2.16,9.4,3.41,64.76,18.27,14.91,2.06,23,0,0,Bottom,Die
1691.82,Block,equiGrain,18,4.6,9.1,20.0,50.73,36.56,8.44,4.27,25,0,0,Top,Continuous
1883.96,Nozzle,colGrain,19,2.95,9.07,28.44,55.67,25.87,14.98,3.48,21,0,0,Bottom,Continuous
1495.32,Blade,colGrain,25,3.78,5.8,12.21,58.87,28.590000000000003,8.94,3.6,46,0,0,Top,Investment
1082.04,Valve,equiGrain,29,4.74,2.32,32.62,68.19,17.490000000000002,10.97,3.35,29,0,0,Bottom,Investment
1151.77,Blade,equiGrain,21,2.1,9.64,55.98,54.91,24.730000000000004,16.98,3.38,25,0,0,Top,Investment
1611.08,Block,colGrain,12,1.87,6.43,41.57,58.3,27.630000000000003,10.48,3.59,9,0,0,Bottom,Continuous
1185.04,Nozzle,singleGrain,24,1.43,1.82,48.54,53.18,26.75,19.46,0.61,28,0,0,Bottom,Continuous
1499.52,Nozzle,colGrain,19,0.64,8.87,57.15,54.67,36.44,5.92,2.97,6,0,0,Top,Die
893.07,Blade,equiGrain,9,3.17,2.07,56.27,67.01,11.229999999999992,16.8,4.96,0,1,0,Bottom,Continuous
958.56,Blade,colGrain,6,0.84,7.97,32.96,69.48,17.249999999999996,12.43,0.84,0,0,0,Top,Continuous
851.79,Nozzle,colGrain,26,3.34,5.09,54.76,55.11,33.400000000000006,9.33,2.16,40,0,0,Top,Die
1109.18,Nozzle,singleGrain,29,2.4,2.03,1.68,61.48,16.130000000000003,17.74,4.65,24,0,3,Bottom,Continuous
1429.2,Nozzle,singleGrain,25,3.81,4.16,45.22,69.65,17.049999999999994,12.09,1.21,21,0,0,Bottom,Investment
951.04,Valve,colGrain,28,1.69,4.65,14.97,68.06,20.23,9.84,1.87,32,4,0,Bottom,Investment
1847.93,Blade,equiGrain,16,1.57,6.0,32.45,68.6,9.840000000000009,19.74,1.82,39,0,0,Top,Continuous
733.99,Blade,singleGrain,29,1.28,5.02,37.15,50.18,30.25,15.24,4.33,23,0,0,Bottom,Die
1020.51,Block,colGrain,8,4.66,9.87,35.69,57.09,23.57,18.79,0.55,4,0,0,Top,Die
1838.11,Valve,colGrain,20,4.34,3.74,10.45,68.3,8.650000000000004,18.54,4.51,17,4,0,Bottom,Continuous
1011.51,Nozzle,singleGrain,26,1.07,6.24,58.04,65.64,18.42,12.77,3.17,30,0,0,Bottom,Die
934.32,Block,colGrain,26,0.62,8.92,48.99,55.46,29.98,12.29,2.27,27,0,0,Bottom,Investment
1077.93,Block,equiGrain,7,1.84,7.9,24.34,56.16,30.49000000000001,10.47,2.88,1,0,0,Bottom,Die
863.1,Valve,singleGrain,7,2.95,9.1,9.2,62.92,17.82,14.27,4.99,0,0,6,Top,Die
1751.21,Nozzle,singleGrain,19,3.49,5.04,24.37,55.49,25.92,15.64,2.95,20,0,4,Bottom,Investment
1610.79,Nozzle,singleGrain,12,4.48,7.89,26.94,67.88,21.81,8.35,1.96,18,0,0,Top,Continuous
1151.19,Block,equiGrain,27,1.85,5.82,50.11,57.91,31.790000000000003,7.11,3.19,5,0,0,Top,Die
1852.92,Blade,colGrain,19,2.22,9.54,11.14,61.3,15.94,19.8,2.96,22,3,0,Bottom,Die
1163.73,Blade,singleGrain,26,1.79,8.18,21.19,61.52,23.11,13.0,2.37,32,0,0,Top,Investment
1098.27,Valve,singleGrain,7,3.89,8.3,7.68,63.76,18.97,15.08,2.19,13,0,0,Top,Continuous
1091.53,Blade,equiGrain,21,1.15,3.22,50.03,52.61,27.49,17.71,2.19,20,0,0,Bottom,Investment
1310.51,Block,singleGrain,14,0.77,6.57,3.34,52.46,29.840000000000003,15.12,2.58,10,0,0,Bottom,Continuous
1455.75,Blade,singleGrain,12,1.45,2.09,45.58,62.02,21.3,14.51,2.17,10,0,0,Top,Die
1621.92,Block,equiGrain,15,2.86,3.23,42.28,66.23,19.219999999999995,10.16,4.39,7,3,0,Top,Die
1106.45,Blade,singleGrain,9,3.28,2.16,40.65,57.82,30.19,8.93,3.06,0,0,0,Bottom,Continuous
1259.53,Block,equiGrain,26,4.7,7.63,7.09,66.73,25.84,5.23,2.2,24,0,0,Top,Investment
1109.88,Blade,singleGrain,30,1.82,9.36,9.52,68.3,18.660000000000004,9.27,3.77,26,0,0,Bottom,Investment
1442.82,Block,singleGrain,23,1.46,7.83,47.51,68.34,7.949999999999997,19.11,4.6,30,0,7,Top,Continuous
1374.98,Valve,equiGrain,23,3.2,6.95,51.55,61.4,16.86,18.25,3.49,24,1,0,Bottom,Investment
1065.89,Block,colGrain,10,3.48,3.23,34.57,55.87,34.330000000000005,7.34,2.46,0,1,0,Top,Investment
1448.98,Blade,singleGrain,19,4.48,4.19,56.24,52.39,26.61,16.81,4.19,18,0,0,Bottom,Investment
1905.23,Blade,equiGrain,16,4.26,3.59,46.86,65.49,21.800000000000008,8.83,3.88,25,0,0,Top,Die
1039.84,Valve,colGrain,9,0.56,6.94,9.8,67.22,10.870000000000005,18.56,3.35,0,1,0,Top,Continuous
1321.86,Nozzle,singleGrain,15,1.46,2.35,57.69,61.37,20.270000000000003,16.5,1.86,10,0,0,Bottom,Die
1159.81,Nozzle,singleGrain,8,3.91,2.96,11.25,64.4,16.879999999999995,17.16,1.56,0,0,0,Top,Investment
1523.37,Nozzle,singleGrain,11,2.38,6.69,24.59,67.85,10.770000000000008,19.18,2.2,1,0,1,Top,Die
1076.95,Valve,equiGrain,7,2.57,1.77,18.74,62.92,21.35,11.53,4.2,1,3,0,Bottom,Continuous
1544.95,Blade,singleGrain,23,0.63,5.72,25.16,67.2,14.329999999999997,15.75,2.72,27,0,0,Top,Die
1909.6,Blade,singleGrain,16,1.51,2.69,9.57,65.78,19.59,10.98,3.65,24,0,0,Bottom,Investment
1886.58,Blade,singleGrain,17,1.47,3.42,43.05,59.22,22.9,15.22,2.66,19,0,0,Bottom,Continuous
1717.56,Block,equiGrain,25,4.92,7.72,24.06,67.44,14.99,14.35,3.22,18,2,0,Bottom,Continuous
1477.02,Nozzle,colGrain,22,2.23,4.27,24.47,55.35,31.459999999999997,8.91,4.28,34,0,0,Top,Continuous
666.01,Blade,equiGrain,9,1.16,4.99,6.71,51.92,31.06,15.0,2.02,1,0,0,Bottom,Investment
1015.84,Valve,colGrain,26,3.23,2.51,32.1,55.95,25.599999999999994,14.3,4.15,36,0,0,Top,Continuous
1198.26,Blade,colGrain,13,3.37,3.18,55.25,56.86,18.76,19.53,4.85,0,0,0,Top,Die
1050.27,Nozzle,equiGrain,29,0.8,1.15,3.49,62.87,17.05,15.24,4.84,29,0,0,Bottom,Die
1328.46,Block,colGrain,15,2.96,7.61,11.43,53.8,34.730000000000004,9.38,2.09,6,2,0,Bottom,Investment
1329.51,Valve,singleGrain,24,3.18,6.62,7.23,55.52,23.75,17.29,3.44,24,0,0,Top,Die
909.38,Blade,colGrain,30,3.74,6.43,4.0,57.77,35.27,5.52,1.44,44,0,0,Top,Die
1728.65,Blade,equiGrain,16,2.92,7.25,36.51,57.33,20.22,17.7,4.75,9,0,0,Bottom,Investment
1233.54,Block,equiGrain,30,2.22,5.94,35.57,59.08,22.24,15.95,2.73,30,0,0,Top,Die
835.13,Blade,singleGrain,7,2.37,1.8,55.82,61.07,28.92,9.24,0.77,5,0,0,Top,Die
1169.59,Block,singleGrain,13,4.77,6.62,57.16,58.68,28.33,11.64,1.35,23,0,8,Top,Die
1605.0,Block,colGrain,25,3.01,6.45,49.32,66.24,16.200000000000003,13.63,3.93,20,0,0,Bottom,Investment
1436.88,Nozzle,equiGrain,19,4.15,2.03,47.36,50.62,36.14,8.3,4.94,1,0,0,Top,Investment
1759.88,Valve,singleGrain,18,2.52,7.7,57.41,65.28,16.529999999999998,14.78,3.41,18,0,0,Bottom,Continuous
1382.34,Valve,singleGrain,24,1.34,3.11,23.79,63.07,25.03,11.39,0.51,32,0,4,Top,Continuous
1581.39,Blade,singleGrain,11,3.77,2.39,32.32,63.13,12.929999999999996,19.75,4.19,6,0,0,Top,Investment
1831.94,Blade,equiGrain,16,2.43,9.38,42.06,67.06,19.07,11.89,1.98,0,0,0,Top,Investment
987.64,Valve,singleGrain,21,1.73,9.88,15.91,51.47,40.92,6.1,1.51,24,0,3,Bottom,Die
933.45,Block,colGrain,8,3.37,6.94,55.65,57.53,34.28,6.78,1.41,0,1,0,Bottom,Continuous
1086.14,Blade,colGrain,23,3.97,2.22,54.21,54.06,29.459999999999997,14.13,2.35,31,4,0,Bottom,Die
1355.06,Nozzle,colGrain,21,2.98,1.28,53.79,56.87,23.06,18.47,1.6,21,0,0,Bottom,Continuous
1324.78,Nozzle,colGrain,15,2.74,7.42,24.5,54.57,27.65,15.86,1.92,9,0,0,Bottom,Investment
1320.13,Nozzle,singleGrain,29,4.33,4.29,16.05,66.67,22.24,6.57,4.52,29,0,0,Bottom,Continuous
587.43,Blade,singleGrain,6,2.89,2.86,57.06,53.53,33.71,7.79,4.97,1,0,0,Top,Die
1157.64,Blade,equiGrain,13,4.98,7.05,13.81,51.97,31.380000000000003,14.26,2.39,11,0,0,Bottom,Investment
1876.57,Nozzle,singleGrain,20,4.22,8.04,29.79,55.9,29.45,12.38,2.27,22,0,0,Top,Continuous
1249.87,Blade,colGrain,13,3.1,2.96,25.11,53.05,36.07,6.68,4.2,16,0,0,Top,Die
1650.95,Block,singleGrain,12,0.75,6.56,39.24,66.16,10.890000000000002,19.78,3.17,9,0,0,Bottom,Die
1311.37,Nozzle,equiGrain,14,2.22,4.61,56.38,58.23,32.6,7.07,2.1,0,3,0,Top,Continuous
1267.37,Block,equiGrain,5,4.43,1.15,5.66,66.51,13.739999999999997,15.64,4.11,3,0,0,Bottom,Continuous
1230.37,Blade,equiGrain,25,1.61,5.4,21.51,54.96,26.65,16.44,1.95,27,3,0,Top,Investment
1923.45,Blade,colGrain,18,4.7,6.71,25.16,58.0,19.07,19.5,3.43,16,0,0,Bottom,Continuous
994.64,Block,equiGrain,10,4.37,4.52,22.8,54.37,39.370000000000005,5.32,0.94,0,1,0,Bottom,Continuous
1106.43,Blade,singleGrain,28,1.07,4.4,47.2,67.93,22.239999999999995,7.75,2.08,28,0,0,Bottom,Continuous
1628.8,Block,equiGrain,15,3.75,9.53,23.65,58.97,19.610000000000003,17.61,3.81,11,0,0,Bottom,Investment
838.6,Valve,colGrain,9,2.72,1.36,40.83,54.91,22.31,19.17,3.61,0,0,0,Top,Investment
1098.57,Blade,colGrain,14,3.06,7.01,12.34,50.4,33.53,14.57,1.5,16,0,0,Top,Continuous
1307.21,Blade,equiGrain,22,2.56,2.22,51.36,57.06,31.97,7.27,3.7,23,3,0,Bottom,Die
1018.55,Blade,colGrain,8,2.71,9.41,35.24,68.09,9.899999999999997,17.3,4.71,5,0,0,Top,Investment
1093.87,Blade,singleGrain,9,4.48,9.73,1.85,66.54,18.84999999999999,11.42,3.19,0,0,0,Top,Investment
1027.88,Blade,colGrain,7,2.85,5.76,11.16,67.95,9.489999999999997,17.66,4.9,1,0,0,Bottom,Investment
1472.32,Nozzle,colGrain,25,4.86,3.5,50.66,62.96,18.41,17.04,1.59,25,0,0,Bottom,Investment
1334.46,Nozzle,equiGrain,15,2.57,5.95,1.05,57.72,25.51,16.1,0.67,6,0,0,Top,Investment
1146.48,Nozzle,singleGrain,8,0.68,6.68,19.12,63.19,20.890000000000004,11.37,4.55,0,0,0,Top,Investment
1045.34,Block,singleGrain,8,3.81,6.44,46.55,55.28,21.69,19.5,3.53,0,0,0,Bottom,Die
1086.39,Blade,singleGrain,11,2.86,1.89,44.96,52.28,32.89,10.9,3.93,14,0,4,Top,Die
1271.57,Block,equiGrain,30,3.14,4.85,6.18,65.34,11.389999999999995,19.87,3.4,21,4,0,Top,Die
1064.92,Block,equiGrain,10,2.66,8.22,51.62,65.47,16.21,17.22,1.1,0,0,0,Top,Investment
1281.1,Block,equiGrain,28,4.14,3.53,15.59,64.72,24.370000000000005,9.19,1.72,28,0,0,Bottom,Investment
646.0,Nozzle,equiGrain,8,4.9,2.83,12.6,50.33,37.42,7.45,4.8,2,3,0,Bottom,Die
777.61,Blade,singleGrain,7,0.6,8.44,28.91,53.38,22.28,19.9,4.44,3,0,0,Bottom,Investment
1334.66,Blade,colGrain,21,4.2,3.22,36.84,54.57,31.52,12.02,1.89,28,0,0,Bottom,Die
2007.61,Block,singleGrain,18,4.43,2.28,30.16,63.26,26.49000000000001,9.26,0.99,20,0,0,Bottom,Investment
1011.14,Nozzle,singleGrain,30,1.35,4.92,7.8,56.53,27.96,10.93,4.58,30,0,0,Bottom,Investment
1169.52,Block,singleGrain,27,4.79,8.88,16.6,57.06,27.09,12.28,3.57,27,0,5,Bottom,Continuous
1746.13,Blade,singleGrain,18,3.72,8.49,23.44,56.18,36.64,5.21,1.97,14,0,0,Bottom,Investment
1707.27,Nozzle,colGrain,20,3.45,3.09,40.37,54.36,29.61,11.89,4.14,19,4,0,Bottom,Investment
857.22,Block,equiGrain,7,4.17,7.69,46.47,52.14,40.51,5.36,1.99,0,0,0,Top,Continuous
597.96,Nozzle,singleGrain,7,2.69,7.39,53.95,50.87,40.59,6.51,2.03,0,0,0,Top,Die
1006.92,Block,singleGrain,26,2.88,2.89,25.82,54.72,26.23,18.23,0.82,34,0,0,Bottom,Investment
1523.23,Valve,equiGrain,18,4.64,8.48,58.52,66.17,11.29,17.82,4.72,24,3,0,Bottom,Die
1662.48,Block,colGrain,23,0.92,3.63,50.26,63.55,17.990000000000006,15.01,3.45,18,0,0,Top,Continuous
1648.97,Valve,colGrain,17,2.15,2.88,19.52,68.77,10.340000000000003,15.92,4.97,15,3,0,Bottom,Investment
1142.64,Block,colGrain,10,2.78,7.56,16.44,60.17,19.41,18.2,2.22,0,4,0,Top,Investment
1682.43,Block,colGrain,25,3.73,8.06,30.49,59.75,32.67,5.14,2.44,23,0,0,Bottom,Continuous
868.85,Valve,equiGrain,5,1.5,3.0,10.35,59.85,30.23,9.32,0.6,2,0,0,Bottom,Die
1761.27,Block,singleGrain,24,3.25,4.85,23.93,62.68,20.83,12.85,3.64,21,0,0,Top,Investment
1260.25,Valve,singleGrain,11,1.9,4.86,27.2,56.6,24.74,17.55,1.11,0,0,0,Top,Investment
2012.92,Block,singleGrain,20,1.71,4.81,17.09,60.16,27.72,11.52,0.6,27,0,0,Top,Continuous
1489.85,Blade,equiGrain,23,3.3,3.41,4.6,69.31,14.529999999999998,12.61,3.55,25,0,0,Top,Die
1796.51,Valve,singleGrain,18,0.86,1.07,23.84,66.38,25.730000000000008,6.08,1.81,29,0,0,Top,Die
1256.19,Nozzle,singleGrain,24,2.85,6.94,18.45,51.19,28.1,16.67,4.04,23,0,0,Top,Investment
951.36,Nozzle,singleGrain,29,2.94,7.18,31.6,53.26,27.31,17.85,1.58,40,0,0,Top,Continuous
1663.98,Block,singleGrain,12,4.47,1.53,24.74,67.17,18.44,10.38,4.01,24,0,3,Top,Continuous
1297.34,Block,equiGrain,14,1.08,9.27,47.72,54.39,29.81,13.36,2.44,11,0,0,Bottom,Die
799.53,Nozzle,singleGrain,29,1.86,1.59,50.14,53.43,26.33,18.16,2.08,42,0,0,Top,Die
1689.57,Block,singleGrain,20,4.33,2.14,39.42,51.95,37.21,10.0,0.84,14,0,0,Bottom,Continuous
828.05,Blade,equiGrain,6,1.3,5.55,27.24,54.42,31.46,10.22,3.9,3,4,0,Bottom,Die
701.16,Valve,equiGrain,26,3.77,9.92,56.93,56.14,26.63,16.69,0.54,31,0,0,Top,Continuous
665.94,Valve,colGrain,8,1.82,2.94,56.58,57.7,23.62,16.81,1.87,2,0,0,Bottom,Investment
1549.56,Block,singleGrain,24,0.96,9.49,13.57,61.74,20.2,16.97,1.09,22,0,0,Top,Investment
1865.45,Nozzle,singleGrain,18,4.01,5.82,2.83,63.77,21.77,12.8,1.66,13,0,2,Top,Investment
816.7,Nozzle,colGrain,28,0.96,5.06,21.19,53.05,35.580000000000005,9.22,2.15,29,3,0,Bottom,Investment
1483.28,Block,singleGrain,21,1.94,5.45,3.62,56.11,29.62,13.52,0.75,4,0,0,Top,Continuous
1542.56,Nozzle,singleGrain,13,4.39,8.58,44.32,65.19,11.07,18.94,4.8,8,0,0,Bottom,Die
1629.27,Block,singleGrain,15,2.82,1.9,3.97,62.47,15.570000000000002,17.36,4.6,11,0,0,Bottom,Die
1099.9,Blade,singleGrain,29,3.4,5.59,43.33,66.51,20.659999999999997,11.42,1.41,30,0,0,Bottom,Investment
1221.67,Blade,colGrain,14,4.59,3.59,59.92,69.88,10.890000000000004,16.16,3.07,0,0,0,Top,Investment
1513.93,Nozzle,colGrain,14,4.29,5.08,48.85,62.26,15.230000000000004,17.56,4.95,18,0,0,Top,Continuous
902.68,Valve,equiGrain,30,2.87,7.19,2.51,68.12,21.25,9.45,1.18,25,0,0,Bottom,Investment
1341.52,Blade,singleGrain,21,4.29,3.95,24.85,53.27,27.73,14.59,4.41,30,0,0,Top,Die
1969.39,Blade,singleGrain,18,3.97,6.74,40.56,63.27,19.87,13.68,3.18,18,0,0,Bottom,Investment
1332.05,Blade,equiGrain,11,0.56,5.47,1.81,67.94,15.830000000000004,14.29,1.94,18,4,0,Top,Continuous
1081.29,Blade,singleGrain,13,1.76,7.64,46.4,51.54,35.65,8.35,4.46,10,0,0,Bottom,Die
640.56,Valve,singleGrain,26,1.31,1.23,48.32,53.37,32.690000000000005,12.83,1.11,46,0,0,Top,Die
1234.73,Block,singleGrain,13,1.02,5.03,40.84,51.65,33.4,10.3,4.65,9,0,0,Bottom,Die
877.83,Blade,singleGrain,26,2.73,4.55,3.93,52.97,29.32,14.84,2.87,32,0,0,Top,Die
1650.81,Block,equiGrain,22,2.22,4.7,12.51,61.17,24.09,11.16,3.58,25,4,0,Top,Investment
1134.07,Valve,equiGrain,26,4.83,8.23,18.67,60.36,22.12,13.64,3.88,36,3,0,Bottom,Continuous
888.85,Valve,singleGrain,5,3.19,1.65,17.0,69.84,13.029999999999998,16.45,0.68,1,0,0,Bottom,Die
1571.12,Block,colGrain,13,2.86,9.42,3.79,67.61,14.739999999999998,12.99,4.66,12,2,0,Bottom,Continuous
893.74,Valve,equiGrain,27,3.7,2.76,6.91,57.76,21.44,19.78,1.02,32,0,0,Bottom,Die
1130.23,Valve,equiGrain,13,2.46,2.22,51.16,55.82,30.48,11.58,2.12,10,0,0,Bottom,Investment
1380.71,Nozzle,singleGrain,12,4.76,1.4,55.44,59.1,27.149999999999995,10.13,3.62,11,0,0,Top,Investment
1217.25,Block,colGrain,13,4.52,5.21,51.61,52.17,29.26,16.17,2.4,6,1,0,Top,Die
1678.76,Block,singleGrain,22,3.4,2.33,5.85,63.46,28.7,5.69,2.15,25,0,0,Top,Die
1027.92,Blade,colGrain,13,1.03,2.86,58.86,57.85,33.279999999999994,8.06,0.81,13,0,0,Top,Investment
1181.63,Nozzle,colGrain,10,1.96,4.94,5.86,63.94,24.36,8.74,2.96,1,0,0,Bottom,Die
1560.36,Blade,singleGrain,16,3.38,5.61,16.91,50.63,26.9,18.46,4.01,20,0,0,Top,Investment
1284.27,Nozzle,colGrain,24,1.24,4.37,18.54,54.63,32.28,11.79,1.3,21,0,0,Bottom,Die
1067.56,Block,singleGrain,29,4.78,7.34,6.3,69.93,13.219999999999994,14.94,1.91,21,0,6,Top,Continuous
1622.53,Blade,colGrain,15,2.23,6.1,22.22,65.37,26.14999999999999,5.74,2.74,16,0,0,Top,Continuous
1982.14,Block,colGrain,20,2.22,1.39,34.16,69.78,15.829999999999998,10.73,3.66,18,0,0,Bottom,Die
1337.23,Block,singleGrain,30,4.93,6.9,31.06,65.05,22.340000000000003,11.28,1.33,30,0,0,Bottom,Continuous
1138.44,Block,singleGrain,10,3.27,6.86,47.98,62.16,18.430000000000007,14.58,4.83,1,0,0,Bottom,Investment
940.61,Valve,colGrain,13,1.16,4.71,44.07,51.74,42.13,5.45,0.68,6,0,0,Top,Investment
1487.56,Block,colGrain,15,1.58,1.43,24.05,55.74,30.75,10.24,3.27,16,0,0,Top,Die
1829.87,Nozzle,equiGrain,16,1.0,8.66,18.34,62.88,27.08,9.07,0.97,18,0,0,Bottom,Investment
517.8,Valve,equiGrain,29,3.87,9.57,56.0,52.04,32.29,11.14,4.53,32,0,0,Top,Investment
1962.44,Nozzle,singleGrain,18,2.86,7.27,25.41,66.72,23.450000000000003,5.08,4.75,18,0,0,Bottom,Investment
930.49,Nozzle,equiGrain,8,2.43,8.77,42.75,69.44,14.460000000000004,14.51,1.59,2,2,0,Bottom,Investment
1569.69,Valve,singleGrain,25,3.84,7.6,13.28,64.39,18.91,14.45,2.25,21,0,0,Bottom,Continuous
845.2,Valve,singleGrain,10,3.13,6.44,24.47,52.42,26.42,18.05,3.11,1,0,0,Bottom,Continuous
1439.88,Blade,colGrain,15,2.3,3.26,3.33,69.18,14.939999999999994,12.27,3.61,9,0,0,Bottom,Investment
1298.61,Blade,colGrain,21,3.97,2.92,54.91,65.76,18.509999999999994,10.78,4.95,23,4,0,Bottom,Die
1383.96,Block,equiGrain,15,4.52,4.58,32.97,53.66,25.160000000000004,18.7,2.48,4,3,0,Top,Die
1902.23,Valve,singleGrain,18,2.81,5.37,24.89,61.43,21.840000000000003,13.9,2.83,20,0,0,Top,Investment
651.58,Blade,equiGrain,9,1.26,1.58,34.63,51.04,35.92,11.62,1.42,0,1,0,Top,Continuous
1191.54,Valve,colGrain,12,2.27,3.98,35.04,55.15,37.31,6.19,1.35,11,0,0,Top,Die
1155.41,Block,colGrain,26,1.1,9.09,17.29,60.45,25.43,9.19,4.93,34,4,0,Bottom,Continuous
1710.81,Block,equiGrain,17,0.6,4.25,39.95,54.13,29.95,14.65,1.27,18,0,0,Bottom,Continuous
1361.65,Block,equiGrain,21,1.54,1.84,33.39,54.93,31.31000000000001,12.45,1.31,21,0,0,Bottom,Investment
873.13,Valve,equiGrain,9,4.6,6.25,41.18,69.82,22.500000000000007,6.35,1.33,2,0,0,Bottom,Die
1029.56,Block,colGrain,5,4.26,2.95,19.77,54.07,32.15,10.32,3.46,1,0,0,Top,Die
1066.54,Nozzle,equiGrain,8,2.57,4.41,6.41,66.2,15.089999999999998,17.68,1.03,2,0,0,Top,Investment
1193.18,Nozzle,equiGrain,9,1.68,1.09,23.6,65.91,12.220000000000002,17.12,4.75,0,0,0,Top,Continuous
1000.69,Blade,equiGrain,27,1.53,4.41,34.42,69.74,12.270000000000008,16.33,1.66,45,0,0,Top,Die
1702.96,Block,singleGrain,20,4.6,3.19,46.8,56.72,19.25,19.13,4.9,17,0,5,Bottom,Investment
1115.05,Block,singleGrain,5,3.43,1.34,1.74,65.02,26.610000000000003,7.17,1.2,0,0,0,Bottom,Investment
1619.62,Blade,equiGrain,20,2.75,2.26,28.36,54.9,24.81,18.73,1.56,25,2,0,Top,Investment
1132.57,Valve,equiGrain,23,2.59,1.09,16.94,51.07,27.959999999999997,16.55,4.42,20,0,0,Top,Continuous
1520.71,Nozzle,colGrain,15,3.67,6.35,18.3,69.46,22.480000000000004,5.48,2.58,23,0,0,Top,Die
1208.86,Blade,singleGrain,23,4.08,9.37,52.0,56.37,21.610000000000003,17.13,4.89,36,0,0,Top,Investment
1120.09,Blade,colGrain,14,0.71,1.4,20.18,51.05,34.230000000000004,10.77,3.95,1,0,0,Top,Die
1901.59,Nozzle,colGrain,18,0.77,2.31,21.68,60.47,20.62,16.48,2.43,7,0,0,Top,Die
702.2,Blade,colGrain,10,4.92,9.37,29.51,52.32,38.15,8.74,0.79,2,0,0,Top,Die
1816.46,Block,equiGrain,18,3.77,1.55,35.51,69.2,20.749999999999996,9.13,0.92,18,4,0,Bottom,Investment
1428.88,Nozzle,colGrain,18,1.55,6.63,59.55,55.44,23.940000000000005,18.95,1.67,2,0,0,Top,Investment
1429.18,Blade,equiGrain,14,3.66,4.38,3.76,61.71,22.29,15.17,0.83,15,0,0,Bottom,Die
1455.86,Block,singleGrain,12,1.11,1.49,50.11,61.29,26.56,10.94,1.21,18,0,0,Top,Die
899.68,Nozzle,singleGrain,26,2.04,9.42,17.88,53.29,32.599999999999994,13.52,0.59,36,0,0,Bottom,Continuous
1322.86,Blade,colGrain,21,4.24,7.28,58.52,58.22,28.4,9.51,3.87,22,0,0,Bottom,Continuous
926.26,Nozzle,equiGrain,30,4.94,2.66,56.69,60.11,24.54,12.42,2.93,30,4,0,Bottom,Investment
1225.76,Block,colGrain,30,3.49,2.77,9.18,69.28,12.689999999999996,14.31,3.72,19,1,0,Top,Die
1136.51,Nozzle,singleGrain,29,2.21,5.43,35.93,57.73,29.14,8.81,4.32,28,0,2,Top,Continuous
1514.4,Blade,equiGrain,11,2.79,9.25,24.55,63.9,17.02,17.39,1.69,0,0,0,Top,Die
1338.72,Blade,colGrain,11,4.91,4.71,24.42,56.25,30.5,8.47,4.78,10,0,0,Bottom,Investment
1748.84,Block,singleGrain,21,4.36,2.62,34.94,66.62,24.39,5.04,3.95,20,0,0,Bottom,Investment
1633.29,Block,equiGrain,14,2.01,3.16,25.91,61.89,21.21,15.12,1.78,8,0,0,Top,Die
1366.42,Nozzle,equiGrain,22,2.35,8.08,42.15,54.77,24.459999999999997,16.92,3.85,32,0,0,Top,Investment
1206.36,Block,equiGrain,8,2.97,2.85,45.84,63.05,27.480000000000004,5.11,4.36,2,0,0,Bottom,Investment
1970.72,Nozzle,singleGrain,20,1.94,6.91,32.57,67.46,15.860000000000005,11.81,4.87,22,0,0,Top,Continuous
1617.93,Blade,colGrain,24,3.97,5.51,36.59,64.37,18.71,12.37,4.55,20,2,0,Top,Continuous
1546.34,Nozzle,singleGrain,24,2.96,8.48,36.2,61.04,28.83,8.7,1.43,23,0,0,Bottom,Investment
1461.91,Valve,singleGrain,24,4.26,5.94,37.94,60.13,20.47,17.52,1.88,26,0,0,Top,Die
1959.2,Block,colGrain,16,1.32,7.45,46.83,61.87,26.520000000000003,8.55,3.06,11,0,0,Bottom,Die
1661.18,Nozzle,equiGrain,15,3.2,2.46,30.83,64.53,19.35,12.61,3.51,10,0,0,Bottom,Investment
1268.71,Nozzle,colGrain,12,1.43,4.09,49.91,55.36,29.07,10.78,4.79,7,0,0,Bottom,Continuous
1197.83,Nozzle,equiGrain,24,4.45,7.8,42.65,52.43,31.9,13.96,1.71,23,0,0,Bottom,Investment
1410.06,Valve,singleGrain,22,2.76,5.51,33.57,57.06,24.85,13.2,4.89,28,0,0,Bottom,Continuous
1319.76,Blade,colGrain,14,1.4,8.2,1.54,60.8,29.39,8.55,1.26,24,0,0,Top,Investment
1234.56,Valve,singleGrain,19,4.25,7.68,59.04,50.06,39.29,6.28,4.37,23,0,0,Top,Continuous
1076.93,Valve,equiGrain,14,4.51,2.91,40.12,51.26,36.760000000000005,7.12,4.86,10,0,0,Bottom,Continuous
1670.85,Blade,singleGrain,19,3.48,6.75,56.9,57.49,20.68,19.84,1.99,15,0,0,Bottom,Continuous
782.66,Valve,colGrain,7,0.69,9.8,46.23,57.81,29.44,11.91,0.84,5,0,0,Top,Continuous
1514.43,Nozzle,singleGrain,25,2.67,1.16,26.54,68.94,22.950000000000003,6.45,1.66,24,0,0,Bottom,Die
1863.73,Valve,equiGrain,19,2.8,9.16,24.4,65.58,18.61,13.42,2.39,19,4,0,Top,Continuous
753.46,Nozzle,equiGrain,28,1.1,4.72,4.83,51.14,35.49,10.68,2.69,19,1,0,Top,Investment
1774.23,Block,colGrain,18,1.94,6.4,42.58,56.59,29.85,11.27,2.29,18,3,0,Bottom,Investment
1009.96,Blade,equiGrain,10,1.1,4.29,44.15,62.19,21.830000000000005,11.15,4.83,0,0,0,Top,Die
875.57,Block,singleGrain,5,4.96,7.73,18.92,50.79,41.22,5.08,2.91,2,0,0,Bottom,Die
1090.55,Blade,singleGrain,10,2.76,6.34,22.76,59.33,27.1,8.68,4.89,1,0,0,Bottom,Continuous
1231.13,Block,equiGrain,6,1.87,7.91,38.03,62.7,21.22,12.34,3.74,0,1,0,Bottom,Die
1311.29,Block,colGrain,30,2.92,5.61,3.44,63.64,18.82,13.03,4.51,28,0,0,Bottom,Continuous
1106.38,Blade,equiGrain,21,3.89,8.94,59.66,56.33,29.36,13.42,0.89,30,0,0,Top,Continuous
1066.73,Blade,equiGrain,29,0.73,9.23,45.98,62.95,14.319999999999997,19.26,3.47,43,0,0,Top,Investment
1248.46,Blade,colGrain,24,3.12,6.39,34.46,54.69,27.200000000000003,17.04,1.07,20,0,0,Bottom,Investment
1433.34,Valve,singleGrain,24,1.3,1.12,42.67,60.4,18.9,17.21,3.49,28,0,0,Bottom,Investment
1436.2,Block,equiGrain,22,1.91,3.89,56.37,60.51,26.33,11.63,1.53,23,2,0,Bottom,Continuous
923.39,Valve,singleGrain,26,3.98,1.4,51.46,57.49,22.58,16.05,3.88,34,0,0,Bottom,Die
1099.94,Valve,colGrain,26,0.9,3.01,19.11,61.3,29.530000000000005,5.26,3.91,32,4,0,Bottom,Continuous
1789.25,Block,singleGrain,17,3.19,8.08,8.64,53.34,27.86,15.57,3.23,15,0,0,Bottom,Die
1269.86,Nozzle,singleGrain,30,4.01,8.96,32.04,62.55,22.47,10.18,4.8,24,0,0,Bottom,Continuous
1715.49,Blade,singleGrain,18,3.63,2.14,12.83,56.0,24.94,17.24,1.82,31,0,0,Top,Investment
1595.89,Blade,singleGrain,12,3.53,7.01,28.86,63.87,19.1,13.09,3.94,10,0,3,Bottom,Continuous
728.89,Valve,singleGrain,6,1.35,2.29,35.7,54.36,34.52,9.5,1.62,0,0,0,Top,Investment
1991.26,Block,colGrain,19,3.68,9.32,45.59,66.61,21.86,9.05,2.48,18,0,0,Bottom,Investment
1163.09,Blade,singleGrain,28,4.27,1.91,49.06,64.61,19.4,12.34,3.65,22,0,0,Top,Die
1600.35,Valve,equiGrain,17,3.86,7.57,35.44,54.7,26.75,13.77,4.78,0,0,0,Top,Die
1047.71,Valve,colGrain,26,3.97,7.78,35.9,66.69,24.950000000000003,6.76,1.6,22,0,0,Top,Investment
624.98,Valve,singleGrain,6,2.99,2.89,18.83,50.15,29.13,18.37,2.35,0,0,0,Bottom,Die
1557.5,Block,equiGrain,12,3.57,4.92,40.61,59.32,27.37,8.51,4.8,8,0,0,Bottom,Die
1313.58,Nozzle,singleGrain,25,1.86,3.34,2.54,55.91,34.870000000000005,5.1,4.12,23,0,2,Bottom,Investment
1234.28,Nozzle,singleGrain,28,1.86,5.41,34.21,59.35,32.989999999999995,5.71,1.95,18,0,0,Top,Continuous
1223.91,Block,singleGrain,15,4.12,2.33,54.27,52.86,29.71,14.83,2.6,10,0,0,Bottom,Investment
1746.71,Nozzle,equiGrain,19,1.97,7.06,33.65,54.75,28.62,11.84,4.79,15,0,0,Bottom,Continuous
1353.71,Nozzle,singleGrain,25,3.32,6.83,17.31,54.45,27.0,16.72,1.83,25,0,0,Bottom,Die
1505.43,Nozzle,equiGrain,19,2.95,4.55,55.02,54.07,32.96,12.01,0.96,7,0,0,Top,Die
1892.32,Block,colGrain,17,4.27,4.15,32.84,58.15,30.48,6.41,4.96,9,0,0,Top,Investment
560.92,Valve,equiGrain,6,1.12,1.5,21.36,50.27,30.829999999999995,14.71,4.19,22,0,0,Top,Die
1449.18,Valve,equiGrain,15,1.06,1.92,22.18,59.63,23.0,13.2,4.17,10,0,0,Bottom,Continuous
904.65,Valve,colGrain,8,0.63,3.83,4.39,65.68,19.55999999999999,13.41,1.35,0,0,0,Bottom,Investment
1960.56,Blade,singleGrain,19,4.91,7.69,20.47,69.42,22.08,5.54,2.96,15,0,0,Bottom,Continuous
1461.19,Nozzle,singleGrain,11,1.43,1.37,8.51,59.62,22.210000000000004,17.63,0.54,10,0,0,Bottom,Continuous
1742.53,Blade,singleGrain,17,2.21,1.04,31.18,57.14,27.94,14.18,0.74,27,0,0,Top,Continuous
1207.88,Block,equiGrain,30,3.68,6.9,28.83,68.43,19.16999999999999,10.24,2.16,46,0,0,Top,Die
1191.47,Blade,equiGrain,21,1.32,5.32,52.52,54.03,34.129999999999995,9.95,1.89,23,0,0,Bottom,Continuous
1123.78,Valve,colGrain,30,4.07,8.14,7.05,67.02,17.650000000000006,12.47,2.86,24,0,0,Top,Continuous
827.28,Valve,singleGrain,9,1.71,5.96,55.83,60.74,22.759999999999994,14.38,2.12,3,0,0,Bottom,Investment
1754.73,Blade,colGrain,19,3.13,8.55,49.32,63.58,17.220000000000002,18.02,1.18,23,2,0,Bottom,Die
1662.58,Block,colGrain,19,1.81,1.49,9.06,51.51,33.11,11.85,3.53,15,0,0,Bottom,Die
1923.55,Valve,equiGrain,20,3.99,4.62,16.0,66.59,25.25,5.63,2.53,18,2,0,Bottom,Continuous
1040.83,Valve,colGrain,8,0.94,4.81,8.98,59.42,21.41,15.44,3.73,12,0,0,Top,Continuous
1193.68,Block,colGrain,5,0.98,1.14,42.4,64.52,13.550000000000004,17.88,4.05,3,0,0,Bottom,Investment
654.42,Block,singleGrain,29,3.31,6.39,58.06,50.13,36.19,10.78,2.9,24,0,0,Bottom,Investment
1722.62,Nozzle,colGrain,18,4.5,9.2,45.15,69.15,16.209999999999997,13.4,1.24,19,4,0,Bottom,Investment
1090.33,Nozzle,colGrain,5,3.51,1.03,27.66,59.25,26.86,9.28,4.61,0,1,0,Bottom,Die
979.3,Valve,singleGrain,8,4.06,8.72,33.68,56.85,27.45,11.14,4.56,0,0,0,Bottom,Continuous
1532.98,Valve,colGrain,18,2.25,5.25,16.07,52.64,35.279999999999994,7.95,4.13,21,0,0,Bottom,Investment
1671.39,Valve,colGrain,20,3.07,7.64,26.35,55.0,31.72,11.47,1.81,18,0,0,Bottom,Continuous
1419.47,Block,singleGrain,12,2.31,8.31,39.65,65.89,20.130000000000003,13.12,0.86,7,0,8,Top,Die
1339.79,Valve,singleGrain,12,1.03,9.39,10.13,68.17,15.71,11.36,4.76,9,0,0,Bottom,Die
1791.92,Nozzle,colGrain,19,1.14,1.34,50.2,61.13,22.37,15.59,0.91,18,0,0,Bottom,Continuous
919.34,Block,singleGrain,27,0.54,2.16,23.18,51.93,36.940000000000005,7.44,3.69,45,0,0,Top,Investment
627.69,Blade,equiGrain,6,3.49,6.9,53.88,53.3,35.34,10.8,0.56,2,1,0,Top,Continuous
1311.33,Blade,singleGrain,15,2.5,5.93,33.44,69.71,12.060000000000008,17.22,1.01,12,0,8,Top,Continuous
927.75,Nozzle,colGrain,10,1.19,3.84,58.14,68.64,19.73,9.26,2.37,0,0,0,Top,Continuous
1053.95,Blade,equiGrain,10,4.51,3.64,11.51,69.3,20.58,6.66,3.46,6,2,0,Top,Investment
1825.89,Block,equiGrain,17,1.94,1.76,53.99,59.97,31.090000000000003,6.05,2.89,19,0,0,Bottom,Investment
1106.47,Blade,colGrain,23,1.4,7.87,19.15,52.77,34.09,8.37,4.77,25,4,0,Bottom,Die
1742.8,Nozzle,equiGrain,17,2.96,9.77,56.23,64.42,24.0,9.73,1.85,21,4,0,Bottom,Continuous
1912.89,Nozzle,colGrain,18,1.26,2.91,43.15,63.3,21.980000000000004,13.79,0.93,19,0,0,Bottom,Continuous
1326.43,Block,singleGrain,28,3.95,6.12,7.24,66.48,14.869999999999996,16.61,2.04,29,0,0,Top,Continuous
1499.49,Blade,colGrain,23,4.96,8.16,32.69,58.17,28.54,9.24,4.05,23,0,0,Bottom,Die
1574.77,Valve,colGrain,19,1.0,7.91,45.65,55.8,23.69,17.64,2.87,21,1,0,Top,Die
1901.58,Nozzle,colGrain,16,2.65,1.87,44.32,66.48,17.779999999999994,13.41,2.33,22,0,0,Top,Die
1432.86,Blade,singleGrain,14,4.92,7.36,6.94,65.72,16.44,14.68,3.16,10,0,7,Bottom,Die
772.78,Nozzle,colGrain,7,1.36,2.53,24.52,51.47,33.870000000000005,11.37,3.29,0,0,0,Top,Investment
827.88,Blade,colGrain,5,1.12,6.03,59.33,61.94,27.72,8.38,1.96,6,0,0,Top,Continuous
1400.53,Block,colGrain,23,0.88,3.09,47.48,57.17,29.68,12.3,0.85,25,1,0,Top,Continuous
1197.09,Nozzle,equiGrain,29,1.2,5.69,15.54,61.67,21.05,14.41,2.87,24,1,0,Bottom,Investment
1491.21,Nozzle,equiGrain,12,0.6,4.72,19.24,66.44,25.520000000000003,6.47,1.57,4,0,0,Top,Investment
1601.52,Nozzle,singleGrain,22,2.38,8.71,28.67,59.07,30.65,5.64,4.64,23,0,0,Bottom,Continuous
1548.18,Nozzle,equiGrain,14,4.52,9.06,35.8,56.91,22.500000000000004,16.57,4.02,10,0,0,Bottom,Continuous
768.96,Nozzle,colGrain,28,0.87,8.76,35.46,51.9,36.52,9.13,2.45,33,0,0,Top,Investment
1448.73,Valve,singleGrain,22,4.4,7.79,10.03,65.11,11.18,18.98,4.73,25,0,1,Bottom,Die
1099.93,Blade,colGrain,26,1.46,2.5,32.18,62.35,17.9,18.09,1.66,35,4,0,Bottom,Continuous
1568.74,Block,singleGrain,14,3.45,3.13,21.4,61.18,16.25,17.74,4.83,0,0,4,Top,Die
1481.2,Blade,colGrain,25,4.75,3.69,31.6,57.77,22.94,16.39,2.9,22,0,0,Top,Investment
1176.9,Block,colGrain,8,3.16,9.0,44.07,58.35,27.97,9.66,4.02,7,0,0,Top,Continuous
1750.98,Block,colGrain,20,4.48,4.55,14.57,55.05,25.610000000000003,18.68,0.66,22,2,0,Bottom,Investment
951.52,Blade,equiGrain,28,2.3,6.55,2.15,58.18,31.649999999999995,8.66,1.51,24,0,0,Top,Die
1538.77,Blade,equiGrain,24,1.58,7.03,36.41,62.08,26.12,7.87,3.93,31,0,0,Top,Investment
998.54,Valve,colGrain,11,4.44,7.2,51.88,51.59,31.399999999999995,13.06,3.95,15,0,0,Top,Die
1068.07,Valve,equiGrain,28,3.16,1.6,30.47,61.09,26.249999999999996,8.49,4.17,28,3,0,Bottom,Investment
1348.58,Nozzle,colGrain,12,4.87,3.65,53.76,58.93,32.56,6.54,1.97,11,0,0,Bottom,Die
1862.11,Blade,singleGrain,18,1.72,5.82,42.64,57.47,31.89,6.45,4.19,18,0,0,Bottom,Continuous
1268.72,Valve,equiGrain,23,1.95,9.51,18.87,56.34,24.77,17.08,1.81,16,0,0,Top,Investment
1480.15,Valve,singleGrain,24,0.8,9.4,12.71,65.02,14.490000000000004,17.64,2.85,23,0,0,Bottom,Die
1181.27,Blade,singleGrain,5,1.6,3.76,33.77,65.05,21.350000000000005,11.45,2.15,1,0,0,Bottom,Continuous
1191.27,Block,equiGrain,8,2.43,6.58,38.42,64.05,20.29,15.06,0.6,15,0,0,Top,Continuous
878.39,Nozzle,colGrain,29,0.8,4.73,46.57,56.45,23.08,15.55,4.92,28,0,0,Bottom,Investment
709.81,Nozzle,singleGrain,7,4.24,7.98,58.83,53.42,37.84,6.44,2.3,0,0,0,Top,Continuous
940.23,Nozzle,equiGrain,26,4.07,5.04,47.14,56.47,31.99,10.2,1.34,17,3,0,Top,Die
855.78,Block,equiGrain,6,0.71,9.57,38.72,52.83,33.63,9.87,3.67,4,0,0,Top,Investment
1607.33,Blade,equiGrain,20,3.25,9.56,30.55,52.52,32.62,12.04,2.82,38,0,0,Top,Die
1537.8,Block,singleGrain,14,1.68,7.3,2.08,58.34,24.629999999999995,13.3,3.73,1,0,0,Top,Die
996.68,Blade,singleGrain,6,2.61,3.54,55.65,67.37,15.249999999999996,13.98,3.4,1,0,0,Top,Die
844.08,Blade,equiGrain,26,3.54,2.51,59.57,60.73,25.110000000000003,13.43,0.73,27,1,0,Bottom,Continuous
1086.16,Nozzle,equiGrain,29,1.65,1.98,36.79,66.29,26.339999999999996,6.42,0.95,27,0,0,Bottom,Investment
1235.98,Block,singleGrain,7,2.93,5.78,28.5,65.25,23.68,10.16,0.91,1,0,0,Bottom,Die
1158.72,Blade,singleGrain,22,3.22,3.89,44.85,51.8,35.56000000000001,9.52,3.12,17,0,7,Top,Continuous
1457.23,Block,colGrain,23,1.68,9.88,3.16,57.29,28.550000000000004,11.87,2.29,31,3,0,Top,Continuous
1260.94,Nozzle,equiGrain,24,1.9,6.32,54.01,69.91,16.540000000000006,11.15,2.4,22,4,0,Bottom,Die
1680.65,Block,equiGrain,21,3.26,4.34,39.42,68.79,20.499999999999996,7.74,2.97,21,0,0,Bottom,Die
1391.13,Valve,singleGrain,23,2.78,7.29,47.95,60.07,30.12,8.73,1.08,23,0,0,Bottom,Continuous
775.25,Valve,colGrain,26,3.41,4.48,9.22,53.45,29.54,14.75,2.26,43,2,0,Top,Investment
1615.13,Valve,colGrain,16,3.42,9.13,39.63,54.43,34.15,9.38,2.04,18,0,0,Top,Continuous
1979.42,Block,colGrain,20,2.51,8.9,44.8,59.54,28.800000000000004,9.58,2.08,23,0,0,Top,Continuous
1089.42,Blade,singleGrain,10,4.25,7.55,29.15,60.12,18.42,16.82,4.64,2,0,0,Bottom,Investment
1040.28,Blade,singleGrain,28,0.86,9.25,48.14,66.39,18.33,13.01,2.27,31,0,0,Top,Investment
1516.16,Block,singleGrain,13,1.28,2.52,51.52,61.54,23.62,12.64,2.2,0,0,0,Top,Investment
1121.97,Nozzle,equiGrain,26,4.12,3.24,53.06,62.75,18.58,16.28,2.39,23,0,0,Bottom,Investment
1765.55,Nozzle,singleGrain,18,4.05,5.92,5.54,54.74,33.59,7.56,4.11,22,0,0,Top,Investment
1648.11,Blade,singleGrain,22,4.09,5.92,36.82,63.01,18.25,15.63,3.11,31,0,0,Bottom,Investment
904.28,Block,colGrain,10,1.16,6.71,43.16,55.42,33.510000000000005,6.27,4.8,0,0,0,Top,Investment
1646.42,Valve,colGrain,20,2.56,3.75,21.42,55.45,32.74999999999999,10.99,0.81,13,2,0,Top,Continuous
1086.53,Blade,colGrain,22,4.99,8.23,17.62,51.79,39.51,8.03,0.67,30,1,0,Top,Investment
1343.71,Blade,singleGrain,24,3.76,7.21,57.1,61.71,18.42,15.32,4.55,23,0,0,Top,Investment
1575.97,Block,colGrain,12,2.05,9.76,15.58,61.85,29.3,6.96,1.89,17,0,0,Top,Die
1065.41,Blade,colGrain,9,2.08,6.9,3.78,68.53,17.68,10.46,3.33,9,0,0,Top,Continuous
708.38,Block,singleGrain,9,4.82,8.47,53.95,50.14,40.12,7.5,2.24,1,0,0,Bottom,Continuous
1132.69,Nozzle,equiGrain,23,2.52,6.85,57.79,54.54,29.67,11.5,4.29,23,0,0,Bottom,Investment
1171.58,Blade,equiGrain,22,3.76,2.27,12.65,52.73,28.620000000000005,17.97,0.68,20,0,0,Top,Die
943.28,Block,singleGrain,28,3.34,4.71,37.3,54.54,26.1,17.74,1.62,32,0,4,Top,Investment
1718.49,Valve,colGrain,20,1.21,8.58,10.88,66.21,9.240000000000007,19.65,4.9,16,2,0,Bottom,Die
880.29,Valve,equiGrain,8,4.69,9.06,31.85,69.49,24.49000000000001,5.5,0.52,0,0,0,Top,Die
1579.42,Block,colGrain,14,2.53,3.17,48.88,60.88,22.06,14.01,3.05,17,0,0,Top,Die
1895.77,Block,equiGrain,18,0.61,3.1,37.36,57.64,31.54,6.61,4.21,14,0,0,Top,Investment
605.03,Block,equiGrain,7,2.91,8.54,53.85,50.52,31.339999999999996,17.27,0.87,11,0,0,Top,Continuous
1526.95,Block,equiGrain,15,3.14,3.59,53.03,68.6,19.480000000000008,8.12,3.8,10,0,0,Bottom,Investment
1340.11,Nozzle,colGrain,30,4.91,5.4,22.99,63.27,26.559999999999995,6.67,3.5,37,0,0,Bottom,Continuous
1837.63,Blade,equiGrain,16,1.9,8.86,14.48,63.43,23.66,11.46,1.45,18,0,0,Bottom,Die
1280.29,Block,singleGrain,24,3.04,5.84,51.6,52.91,33.02,11.89,2.18,15,0,0,Bottom,Investment
1491.56,Nozzle,colGrain,23,1.16,6.17,38.72,64.71,18.390000000000008,16.04,0.86,23,0,0,Top,Die
1970.4,Nozzle,singleGrain,18,1.86,2.03,33.49,59.96,30.19,5.25,4.6,15,0,0,Top,Continuous
1272.05,Blade,colGrain,11,0.77,1.33,42.44,56.14,22.78,16.8,4.28,10,0,0,Bottom,Die
777.6,Valve,singleGrain,8,1.9,8.14,6.76,54.54,30.82,11.35,3.29,17,0,0,Top,Investment
799.5,Nozzle,singleGrain,30,2.52,2.77,27.04,50.88,35.129999999999995,9.39,4.6,30,0,0,Bottom,Investment
1935.16,Nozzle,singleGrain,17,2.6,9.75,4.39,66.39,20.86,11.43,1.32,4,0,0,Top,Continuous
1566.52,Nozzle,equiGrain,11,1.78,7.3,28.78,64.37,18.949999999999992,14.38,2.3,0,1,0,Top,Die
1249.03,Blade,colGrain,24,3.84,6.73,58.15,64.89,18.67,14.45,1.99,28,3,0,Top,Investment
884.15,Valve,colGrain,26,2.67,5.82,31.37,56.03,27.14,14.88,1.95,34,2,0,Bottom,Investment
882.9,Valve,colGrain,6,3.59,1.84,17.47,54.18,27.28,15.66,2.88,2,0,0,Top,Continuous
1148.35,Block,equiGrain,30,0.67,6.17,1.46,61.95,18.629999999999995,16.23,3.19,23,2,0,Top,Investment
1797.41,Blade,equiGrain,20,2.16,2.8,36.06,56.42,22.03,17.17,4.38,37,0,0,Top,Continuous
1496.44,Blade,singleGrain,15,3.47,3.14,26.63,58.56,21.009999999999994,18.92,1.51,39,0,0,Top,Continuous
913.36,Nozzle,singleGrain,7,2.1,4.92,59.74,66.28,16.349999999999998,16.01,1.36,0,0,0,Top,Continuous
634.85,Block,colGrain,6,1.87,3.33,57.65,51.13,39.81999999999999,5.66,3.39,2,0,0,Top,Die
1886.07,Nozzle,colGrain,16,1.64,1.52,2.99,65.55,22.75,7.78,3.92,25,0,0,Top,Investment
1137.56,Nozzle,equiGrain,27,4.57,9.21,18.69,66.72,10.990000000000002,17.32,4.97,30,0,0,Bottom,Investment
940.87,Nozzle,equiGrain,7,3.66,9.31,24.54,54.42,34.27,8.84,2.47,0,0,0,Bottom,Die
1201.11,Nozzle,singleGrain,28,3.92,1.71,15.15,69.11,15.6,11.29,4.0,29,0,0,Bottom,Die
1162.82,Blade,colGrain,24,1.27,9.79,56.44,57.59,31.779999999999998,8.53,2.1,35,0,0,Top,Die
1147.23,Valve,colGrain,12,1.26,2.15,33.46,54.43,24.8,19.49,1.28,10,1,0,Bottom,Continuous
757.42,Valve,colGrain,26,2.85,2.66,17.08,51.83,36.8,8.67,2.7,36,0,0,Top,Die
1813.49,Blade,equiGrain,20,3.7,2.91,56.26,62.51,15.990000000000002,18.16,3.34,17,2,0,Top,Continuous
1331.27,Nozzle,equiGrain,14,3.63,2.68,38.63,56.31,36.66,6.09,0.94,12,0,0,Bottom,Investment
1077.72,Block,equiGrain,8,4.97,7.1,47.84,63.83,15.93,19.28,0.96,0,3,0,Bottom,Die
1537.73,Nozzle,equiGrain,16,1.21,1.16,48.85,54.7,34.77,9.09,1.44,19,0,0,Top,Die
1224.15,Nozzle,equiGrain,8,3.98,6.52,28.3,63.83,17.27,14.63,4.27,0,0,0,Top,Die
1583.96,Block,colGrain,24,1.59,6.91,8.34,64.65,17.139999999999997,16.24,1.97,8,2,0,Top,Investment
1581.31,Nozzle,colGrain,12,3.32,2.35,24.92,64.25,25.01,8.89,1.85,11,0,0,Bottom,Die
1700.55,Block,equiGrain,25,3.22,9.84,20.09,64.14,27.16,5.81,2.89,14,0,0,Top,Investment
1825.83,Valve,equiGrain,19,0.85,8.81,23.32,62.67,25.74,8.75,2.84,24,0,0,Top,Die
714.95,Block,colGrain,7,0.99,7.23,59.64,69.98,17.339999999999996,11.23,1.45,8,1,0,Top,Die
1064.64,Block,colGrain,10,1.7,9.42,42.26,69.34,12.439999999999998,16.38,1.84,0,0,0,Top,Die
1051.29,Nozzle,equiGrain,8,3.58,1.23,2.56,69.07,15.350000000000009,11.69,3.89,0,0,0,Bottom,Investment
1079.93,Block,colGrain,27,1.59,2.29,54.97,61.69,21.010000000000005,12.87,4.43,34,0,0,Bottom,Die
1617.92,Block,colGrain,24,4.56,2.15,7.94,68.9,13.129999999999995,14.72,3.25,23,0,0,Bottom,Investment
1490.85,Blade,equiGrain,22,1.58,6.18,8.56,65.94,13.0,16.12,4.94,36,1,0,Top,Continuous
979.3,Valve,colGrain,28,2.88,1.58,15.16,57.18,23.85,15.92,3.05,32,0,0,Bottom,Investment
1411.45,Blade,singleGrain,22,4.87,6.39,52.54,64.21,25.500000000000007,6.25,4.04,25,0,5,Top,Die
903.4,Blade,equiGrain,28,1.75,7.2,28.25,53.98,28.91,14.02,3.09,33,0,0,Top,Investment
1454.13,Blade,equiGrain,12,3.96,7.71,51.67,61.98,21.17,13.6,3.25,2,0,0,Top,Die
1496.22,Valve,singleGrain,14,1.91,4.03,19.84,60.4,24.120000000000005,12.08,3.4,21,0,0,Top,Die
1063.57,Block,equiGrain,6,2.73,8.87,49.96,61.84,20.869999999999997,15.88,1.41,0,0,0,Top,Die
1743.72,Block,singleGrain,24,1.51,4.26,24.21,60.56,26.64,8.53,4.27,20,0,0,Bottom,Continuous
2029.46,Nozzle,singleGrain,16,2.54,4.92,22.54,63.78,16.7,18.06,1.46,16,0,0,Bottom,Continuous
1079.87,Nozzle,colGrain,27,2.7,4.46,45.77,57.29,22.02,17.48,3.21,19,0,0,Top,Investment
1431.16,Nozzle,equiGrain,24,2.43,7.7,59.04,62.68,25.94,8.14,3.24,20,0,0,Bottom,Continuous
1605.18,Block,singleGrain,15,4.22,1.01,50.19,60.28,30.14,6.4,3.18,10,0,0,Bottom,Die
1149.86,Nozzle,singleGrain,24,1.24,6.58,51.3,51.52,33.739999999999995,12.58,2.16,16,0,0,Top,Continuous
1069.15,Nozzle,equiGrain,27,0.53,8.89,46.57,65.69,15.610000000000005,16.93,1.77,29,0,0,Top,Investment
595.07,Valve,singleGrain,30,4.49,6.38,9.98,50.21,39.07,9.0,1.72,38,0,0,Top,Investment
1529.35,Block,singleGrain,15,0.98,3.19,15.87,58.96,19.27,17.84,3.93,2,0,8,Top,Continuous
823.74,Nozzle,colGrain,5,2.79,8.67,6.23,51.32,36.190000000000005,8.84,3.65,0,0,0,Bottom,Continuous
1916.55,Block,equiGrain,18,4.74,7.13,41.34,68.01,20.94,6.65,4.4,48,3,0,Top,Investment
1443.52,Valve,colGrain,21,4.61,1.33,4.56,64.52,23.660000000000007,9.94,1.88,28,0,0,Bottom,Investment
1021.82,Valve,equiGrain,9,1.96,1.26,22.87,60.82,21.05,14.2,3.93,8,0,0,Top,Investment
1557.93,Block,colGrain,21,4.76,4.38,38.92,56.28,27.42,14.5,1.8,36,0,0,Top,Continuous
1045.08,Block,colGrain,29,4.96,3.92,58.57,67.9,18.68,10.29,3.13,28,0,0,Bottom,Investment
1549.45,Nozzle,equiGrain,18,1.6,6.89,32.4,51.74,35.99,9.94,2.33,11,0,0,Top,Investment
1578.92,Valve,colGrain,21,2.44,4.73,7.26,65.73,17.569999999999997,13.14,3.56,27,0,0,Top,Continuous
1429.63,Valve,singleGrain,11,0.57,4.1,3.91,64.34,18.86,12.99,3.81,11,0,0,Top,Investment
973.07,Valve,singleGrain,11,1.49,1.86,34.42,50.18,39.68,6.88,3.26,10,0,1,Bottom,Investment
773.94,Nozzle,equiGrain,30,2.22,4.09,37.05,51.33,27.250000000000004,19.74,1.68,28,0,0,Top,Die
1505.63,Blade,colGrain,24,2.06,1.28,43.31,58.79,28.15,8.94,4.12,23,0,0,Bottom,Continuous
955.45,Blade,colGrain,8,3.77,7.24,32.04,56.77,30.499999999999996,10.88,1.85,0,0,0,Top,Die
1800.4,Nozzle,equiGrain,18,1.08,4.38,44.64,68.88,17.600000000000005,11.08,2.44,12,3,0,Top,Die
1262.88,Nozzle,colGrain,26,3.32,5.12,28.53,66.14,13.489999999999998,18.07,2.3,31,0,0,Bottom,Die
958.98,Block,singleGrain,6,2.27,2.88,11.76,53.73,36.400000000000006,7.64,2.23,0,0,0,Bottom,Die
1547.14,Blade,singleGrain,23,4.56,9.95,3.61,66.92,22.7,6.57,3.81,28,0,0,Top,Die
1184.13,Nozzle,singleGrain,13,1.35,7.93,22.75,53.03,26.06,16.29,4.62,0,0,3,Top,Die
1608.44,Block,singleGrain,24,0.64,7.28,26.07,64.0,22.1,9.11,4.79,31,0,0,Top,Investment
460.25,Blade,singleGrain,9,0.88,6.65,2.8,50.01,33.21,15.93,0.85,17,0,3,Top,Continuous
1379.98,Valve,colGrain,24,3.04,9.15,15.55,55.75,31.35,8.79,4.11,21,0,0,Top,Continuous
585.58,Blade,equiGrain,28,1.27,4.92,2.55,50.72,40.07,8.57,0.64,26,0,0,Bottom,Die
1306.31,Nozzle,colGrain,27,3.59,2.42,22.54,65.95,16.129999999999995,15.6,2.32,24,0,0,Bottom,Continuous
837.11,Valve,colGrain,26,1.0,5.7,41.72,55.61,28.13,13.56,2.7,21,4,0,Top,Die
1149.92,Blade,colGrain,8,3.43,5.98,27.79,65.2,13.549999999999995,17.78,3.47,0,3,0,Top,Investment
1400.79,Blade,singleGrain,20,3.33,3.69,54.86,52.72,34.96000000000001,11.52,0.8,13,0,0,Bottom,Investment
1124.37,Nozzle,singleGrain,12,2.35,4.41,46.48,53.13,36.57,5.79,4.51,10,0,6,Bottom,Die
1446.7,Blade,singleGrain,22,2.08,2.21,32.24,58.83,24.26,15.34,1.57,23,0,0,Bottom,Investment
1359.63,Blade,colGrain,25,2.06,7.64,56.37,63.86,26.9,5.14,4.1,27,0,0,Bottom,Investment
907.02,Blade,equiGrain,27,2.59,4.64,20.85,53.47,36.06,7.17,3.3,43,1,0,Top,Investment
976.59,Valve,equiGrain,11,3.3,6.79,35.96,50.01,41.47,6.16,2.36,8,1,0,Bottom,Investment
1159.39,Blade,singleGrain,26,3.79,5.74,55.13,65.3,15.480000000000004,15.65,3.57,36,0,0,Bottom,Continuous
1145.92,Block,colGrain,10,1.21,2.06,34.61,65.22,16.130000000000003,17.08,1.57,3,0,0,Bottom,Investment
1976.85,Block,equiGrain,18,3.27,2.01,32.12,69.79,19.739999999999995,7.5,2.97,15,0,0,Bottom,Die
921.47,Nozzle,singleGrain,27,3.01,1.37,21.29,52.33,39.35,5.57,2.75,40,0,0,Bottom,Investment
1159.18,Nozzle,equiGrain,6,3.08,8.1,15.82,62.77,18.9,13.69,4.64,7,0,0,Top,Die
1816.93,Nozzle,colGrain,17,0.58,6.46,28.36,59.15,30.97,6.29,3.59,18,4,0,Bottom,Investment
1415.49,Nozzle,colGrain,25,0.87,5.36,17.51,58.15,21.8,17.75,2.3,28,4,0,Bottom,Die
1525.22,Block,singleGrain,23,1.25,4.29,45.62,57.6,27.709999999999997,9.91,4.78,23,0,0,Bottom,Continuous
1593.09,Nozzle,equiGrain,17,1.54,2.64,2.02,55.09,29.629999999999995,10.93,4.35,18,3,0,Bottom,Investment
848.87,Blade,colGrain,7,2.91,1.55,3.67,53.22,25.24,18.69,2.85,0,0,0,Top,Continuous
1308.05,Blade,equiGrain,21,3.76,5.73,38.37,53.51,36.79,7.17,2.53,7,1,0,Top,Investment
425.13,Valve,colGrain,9,2.3,7.48,57.46,52.75,37.68,8.05,1.52,2,0,0,Top,Investment
851.18,Block,equiGrain,29,4.72,4.66,20.14,51.2,26.18,17.99,4.63,44,2,0,Top,Die
1154.38,Blade,singleGrain,11,2.37,9.88,33.43,51.21,33.81,11.5,3.48,7,0,3,Top,Continuous
921.22,Nozzle,colGrain,9,3.24,3.31,47.04,57.75,32.62,8.85,0.78,0,1,0,Bottom,Die
1610.59,Nozzle,singleGrain,11,2.77,3.11,5.45,65.14,15.189999999999998,17.01,2.66,0,0,0,Top,Investment
1286.41,Blade,colGrain,28,4.91,1.26,24.92,63.89,18.98,13.6,3.53,34,0,0,Bottom,Continuous
1306.19,Valve,colGrain,22,0.82,2.19,47.36,62.85,26.4,9.55,1.2,24,0,0,Top,Investment
1281.89,Valve,equiGrain,15,3.8,5.77,56.86,67.27,20.92,9.42,2.39,10,1,0,Bottom,Die
1722.6,Valve,singleGrain,17,4.89,8.28,8.53,59.0,27.5,11.17,2.33,22,0,1,Top,Die
1651.74,Block,equiGrain,17,2.74,8.99,32.95,51.43,25.71,19.94,2.92,21,0,0,Bottom,Investment
1227.25,Valve,singleGrain,15,1.46,5.93,55.85,67.86,12.970000000000002,15.58,3.59,6,0,7,Bottom,Continuous
1585.54,Block,equiGrain,19,3.09,3.34,4.81,50.28,28.37,18.94,2.41,11,4,0,Top,Continuous
1589.67,Blade,equiGrain,19,0.91,9.21,11.75,54.53,34.04,10.46,0.97,22,0,0,Bottom,Continuous
1203.58,Block,singleGrain,24,3.02,4.51,36.45,50.66,32.190000000000005,15.6,1.55,23,0,4,Bottom,Continuous
1157.35,Nozzle,singleGrain,28,2.0,1.56,28.21,68.05,24.15,5.82,1.98,30,0,0,Bottom,Investment
1148.97,Nozzle,colGrain,13,0.85,9.51,27.34,52.77,33.25999999999999,9.06,4.91,12,0,0,Bottom,Die
927.81,Nozzle,colGrain,29,1.15,8.44,52.5,67.52,17.000000000000004,14.16,1.32,15,2,0,Top,Investment
1099.89,Block,colGrain,7,0.51,8.45,43.71,59.34,27.24,11.15,2.27,13,1,0,Top,Continuous
1263.75,Valve,singleGrain,15,4.99,3.12,48.55,69.76,20.379999999999995,8.45,1.41,9,0,0,Bottom,Investment
1538.02,Nozzle,singleGrain,11,1.96,1.57,43.73,60.68,27.65,7.92,3.75,9,0,0,Bottom,Investment
1595.87,Block,singleGrain,16,3.59,7.63,9.83,50.11,28.18,18.45,3.26,33,0,0,Top,Investment
1094.13,Nozzle,colGrain,12,1.27,5.79,1.14,51.65,34.64,11.31,2.4,8,1,0,Top,Die
1387.01,Blade,equiGrain,12,0.75,7.06,40.36,60.7,27.219999999999995,7.42,4.66,8,2,0,Bottom,Die
1145.07,Block,equiGrain,14,0.58,6.16,51.21,51.85,35.46999999999999,9.66,3.02,15,0,0,Top,Investment
1218.34,Nozzle,equiGrain,6,4.66,9.27,37.37,60.74,18.95,16.3,4.01,5,0,0,Top,Continuous
733.5,Blade,singleGrain,28,2.38,6.38,57.55,55.15,30.870000000000005,11.33,2.65,21,0,4,Top,Continuous
1167.77,Block,singleGrain,24,0.86,7.44,15.87,50.97,39.45,8.53,1.05,26,0,0,Bottom,Die
1184.07,Nozzle,singleGrain,10,3.18,9.95,37.15,62.2,21.239999999999995,14.49,2.07,0,0,0,Top,Die
1592.65,Nozzle,colGrain,21,2.32,4.26,37.05,62.82,19.14,13.27,4.77,36,0,0,Top,Die
1680.07,Block,singleGrain,23,2.73,8.6,39.39,69.43,15.909999999999991,10.46,4.2,21,0,0,Bottom,Continuous
1530.11,Blade,singleGrain,23,2.3,1.5,20.67,68.31,8.239999999999997,19.28,4.17,26,0,0,Top,Investment
1630.18,Blade,equiGrain,17,4.38,2.62,32.15,56.35,29.16,13.66,0.83,21,2,0,Bottom,Investment
795.81,Nozzle,singleGrain,27,4.19,9.38,44.6,52.42,35.77,10.59,1.22,34,0,0,Top,Die
1418.21,Blade,equiGrain,19,2.57,8.76,1.99,50.99,36.23,11.65,1.13,18,0,0,Bottom,Continuous
1083.83,Nozzle,singleGrain,5,0.82,2.02,50.55,61.91,19.53,16.32,2.24,0,0,0,Top,Continuous
1412.0,Valve,equiGrain,24,0.7,4.77,5.47,63.66,26.33,6.48,3.53,25,3,0,Bottom,Investment
1206.33,Block,colGrain,22,4.18,1.04,7.97,51.22,24.71,19.14,4.93,22,0,0,Bottom,Die
1099.3,Blade,equiGrain,12,4.59,8.83,13.07,50.31,36.48,8.66,4.55,10,2,0,Top,Continuous
1242.52,Valve,singleGrain,25,0.9,6.23,50.51,66.87,23.299999999999997,9.16,0.67,24,0,0,Bottom,Investment
1455.56,Valve,singleGrain,14,4.66,2.96,28.78,59.63,33.879999999999995,5.17,1.32,11,0,0,Top,Continuous
1016.36,Blade,colGrain,13,2.27,7.64,48.13,52.55,27.24,19.53,0.68,20,0,0,Top,Die
997.33,Blade,equiGrain,5,2.52,6.44,34.32,69.91,9.390000000000002,16.03,4.67,7,2,0,Top,Continuous
1378.61,Blade,colGrain,22,3.69,9.59,12.93,56.33,30.570000000000004,9.12,3.98,26,3,0,Bottom,Die
1123.63,Nozzle,colGrain,7,4.38,4.35,25.86,60.91,25.520000000000003,8.75,4.82,2,0,0,Bottom,Investment
1630.37,Nozzle,equiGrain,22,2.41,3.15,48.75,61.77,28.92,5.93,3.38,24,0,0,Bottom,Continuous
916.26,Blade,colGrain,9,1.25,1.8,55.57,62.78,26.64,7.73,2.85,0,0,0,Top,Die
1355.5,Nozzle,equiGrain,13,4.49,1.54,48.98,56.54,30.460000000000004,8.62,4.38,10,0,0,Bottom,Die
1439.98,Block,colGrain,25,2.52,7.97,50.86,58.73,35.470000000000006,5.25,0.55,18,0,0,Top,Continuous
1055.26,Block,colGrain,10,3.99,8.36,36.05,69.54,9.879999999999995,19.56,1.02,0,1,0,Bottom,Die
1088.9,Valve,equiGrain,27,3.27,7.31,19.41,65.63,18.06,14.55,1.76,36,0,0,Top,Investment
617.26,Valve,equiGrain,27,0.94,1.14,2.26,50.24,29.01,17.91,2.84,33,0,0,Top,Continuous
1012.78,Block,colGrain,8,1.48,3.71,8.11,56.16,26.980000000000004,15.47,1.39,4,0,0,Top,Continuous
1495.48,Blade,singleGrain,25,3.68,7.68,14.48,62.21,17.859999999999996,15.06,4.87,25,0,0,Bottom,Investment
1075.04,Block,colGrain,27,3.44,8.16,49.34,57.24,27.76,10.39,4.61,20,0,0,Top,Die
1229.35,Valve,singleGrain,22,2.01,4.14,27.67,53.91,27.610000000000003,16.43,2.05,24,0,0,Bottom,Investment
1737.86,Blade,singleGrain,19,2.52,9.92,1.56,69.45,14.279999999999998,11.57,4.7,14,0,0,Top,Investment
1194.98,Nozzle,colGrain,8,1.25,6.83,21.84,65.89,23.71,5.9,4.5,0,0,0,Bottom,Continuous
1131.21,Valve,colGrain,22,1.36,1.14,19.45,54.29,34.85,5.96,4.9,37,1,0,Top,Die
1494.75,Valve,singleGrain,24,2.16,5.95,45.03,64.48,27.42,5.56,2.54,23,0,0,Bottom,Die
836.16,Blade,equiGrain,7,0.57,4.85,45.57,55.23,24.660000000000004,16.08,4.03,4,0,0,Top,Die
1471.22,Valve,equiGrain,14,4.1,2.78,7.63,60.83,24.200000000000003,10.3,4.67,10,0,0,Bottom,Continuous
1982.65,Block,singleGrain,18,3.3,9.8,46.78,65.23,18.709999999999997,11.32,4.74,10,0,0,Top,Die
1642.63,Nozzle,equiGrain,21,4.66,1.53,42.02,67.19,10.860000000000005,18.9,3.05,13,0,0,Top,Die
1479.12,Valve,colGrain,21,4.53,7.4,10.86,61.71,24.6,11.39,2.3,17,1,0,Top,Investment
1489.39,Valve,singleGrain,14,4.22,6.81,4.85,67.7,11.139999999999995,18.89,2.27,10,0,0,Top,Continuous
1191.8,Blade,equiGrain,25,2.14,7.18,59.29,64.81,16.58,18.02,0.59,30,0,0,Top,Die
1087.34,Valve,singleGrain,6,0.95,9.61,41.44,63.8,12.280000000000005,19.79,4.13,3,0,0,Bottom,Continuous
1314.93,Valve,singleGrain,16,4.27,2.09,43.38,50.92,30.689999999999998,15.45,2.94,10,0,7,Top,Die
1573.29,Blade,singleGrain,14,2.48,8.58,40.39,61.09,29.869999999999997,6.6,2.44,24,0,0,Top,Continuous
1122.52,Nozzle,colGrain,26,1.37,6.2,16.31,68.31,19.05,7.93,4.71,30,0,0,Bottom,Investment
940.75,Block,equiGrain,30,1.21,9.84,15.55,53.91,29.15000000000001,14.69,2.25,31,4,0,Bottom,Continuous
1825.71,Blade,singleGrain,20,1.71,4.34,55.49,67.22,21.89,6.65,4.24,15,0,0,Bottom,Continuous
1387.73,Nozzle,colGrain,22,1.91,6.35,2.28,58.2,28.459999999999997,9.09,4.25,22,4,0,Top,Investment
1206.76,Valve,colGrain,25,4.47,7.16,45.97,56.69,27.31,14.81,1.19,20,0,0,Bottom,Die
1416.62,Valve,colGrain,25,2.26,3.33,53.07,61.83,23.06,10.89,4.22,14,0,0,Top,Continuous
1421.38,Valve,equiGrain,24,3.67,2.94,47.56,64.9,27.879999999999995,6.29,0.93,23,0,0,Bottom,Continuous
963.66,Nozzle,colGrain,26,3.19,3.15,8.43,55.2,29.55,12.87,2.38,23,4,0,Top,Die
1418.53,Nozzle,colGrain,13,0.52,2.64,1.92,65.81,22.439999999999998,9.99,1.76,10,0,0,Bottom,Investment
1335.13,Block,singleGrain,11,1.86,9.62,35.6,52.83,32.46,10.63,4.08,0,0,0,Top,Investment
985.74,Valve,colGrain,28,2.49,2.49,6.05,59.54,27.71,8.28,4.47,33,0,0,Bottom,Die
1602.83,Block,equiGrain,13,1.26,7.42,15.49,64.68,19.419999999999995,13.9,2.0,10,0,0,Bottom,Investment
1366.37,Valve,equiGrain,23,2.72,2.66,21.99,67.12,17.459999999999994,14.35,1.07,8,4,0,Top,Die
1039.24,Blade,colGrain,26,0.9,7.52,5.74,64.05,16.300000000000004,18.66,0.99,26,3,0,Top,Continuous
1813.53,Blade,singleGrain,20,2.48,8.12,57.41,64.38,14.850000000000003,16.47,4.3,8,0,0,Top,Continuous
846.28,Valve,colGrain,8,0.7,2.06,4.22,57.74,24.67,14.68,2.91,0,0,0,Top,Investment
1486.07,Nozzle,singleGrain,15,0.89,6.2,21.84,62.57,30.26,6.38,0.79,7,0,4,Bottom,Continuous
897.75,Block,singleGrain,8,3.48,2.63,37.0,51.75,37.17,6.89,4.19,1,0,0,Bottom,Investment
1379.24,Blade,singleGrain,11,3.37,5.72,58.19,62.85,18.61,15.58,2.96,10,0,0,Bottom,Die
1342.74,Valve,colGrain,22,1.31,7.46,3.22,61.86,19.64,16.96,1.54,25,0,0,Bottom,Investment
1741.38,Nozzle,singleGrain,19,2.02,9.88,1.5,54.59,27.78,14.44,3.19,27,0,0,Top,Continuous
1351.65,Nozzle,colGrain,12,0.57,6.87,8.77,58.75,22.9,17.22,1.13,7,0,0,Top,Die
862.66,Valve,colGrain,30,0.63,4.51,10.72,58.05,23.050000000000004,18.18,0.72,26,0,0,Bottom,Die
1221.14,Block,colGrain,28,2.43,9.26,23.95,62.7,21.14,14.47,1.69,38,0,0,Top,Investment
883.19,Nozzle,singleGrain,9,0.86,1.28,7.15,55.2,26.69,17.37,0.74,4,0,0,Top,Continuous
1193.52,Blade,equiGrain,22,4.04,3.17,7.62,51.67,39.9,5.95,2.48,24,0,0,Top,Die
677.45,Blade,colGrain,10,2.03,3.8,52.65,52.79,36.31,6.61,4.29,2,0,0,Top,Die
918.6,Nozzle,equiGrain,10,1.65,2.08,48.99,69.9,10.019999999999996,18.99,1.09,14,0,0,Top,Continuous
697.89,Valve,singleGrain,5,4.46,5.29,35.78,52.72,41.06,5.64,0.58,0,0,0,Bottom,Die
980.77,Blade,colGrain,29,0.65,1.7,34.16,60.49,22.39,16.24,0.88,30,0,0,Top,Investment
1598.97,Valve,singleGrain,15,4.72,6.94,32.32,65.73,12.989999999999997,17.04,4.24,10,0,0,Bottom,Continuous
1252.7,Nozzle,colGrain,24,1.58,7.87,22.56,53.0,32.34,11.91,2.75,14,3,0,Top,Die
1334.11,Block,singleGrain,21,1.0,2.38,33.48,55.92,23.13,19.63,1.32,16,0,4,Top,Investment
1208.62,Blade,colGrain,24,1.81,1.5,58.71,63.0,29.32,6.5,1.18,31,0,0,Top,Investment
997.49,Valve,singleGrain,10,4.86,9.27,17.4,58.74,33.58,5.57,2.11,0,0,0,Bottom,Die
1550.61,Blade,equiGrain,25,4.26,5.5,13.47,62.13,25.29,8.13,4.45,25,0,0,Bottom,Investment
2002.89,Nozzle,equiGrain,18,2.6,2.6,20.22,62.37,24.76,8.91,3.96,35,0,0,Top,Die
1442.12,Nozzle,equiGrain,11,0.91,2.46,42.33,60.25,19.53,18.85,1.37,12,1,0,Bottom,Continuous
1968.4,Nozzle,singleGrain,16,2.1,4.92,38.98,68.03,11.47,15.89,4.61,18,0,0,Bottom,Continuous
1133.05,Block,singleGrain,9,2.62,8.69,45.15,67.79,17.979999999999993,11.91,2.32,29,0,0,Top,Investment
1538.99,Nozzle,colGrain,15,1.91,3.67,43.14,65.65,10.489999999999997,19.02,4.84,0,0,0,Top,Die
1217.4,Blade,colGrain,26,4.54,6.3,32.28,59.27,22.71,14.5,3.52,28,0,0,Top,Continuous
1160.08,Block,colGrain,10,2.26,8.07,37.91,59.4,23.52,15.35,1.73,0,1,0,Bottom,Continuous
1324.37,Blade,equiGrain,15,1.67,2.6,22.18,57.26,34.15,6.46,2.13,10,3,0,Bottom,Investment
641.27,Nozzle,equiGrain,7,3.96,1.92,41.01,50.29,34.510000000000005,14.34,0.86,0,0,0,Bottom,Die
1168.69,Block,equiGrain,30,2.36,5.1,3.45,67.14,21.26,9.63,1.97,33,0,0,Bottom,Investment
1522.96,Nozzle,colGrain,14,3.53,9.97,18.75,60.44,31.87,5.88,1.81,10,0,0,Top,Investment
1878.28,Nozzle,colGrain,20,4.27,4.45,25.38,69.96,18.790000000000006,10.7,0.55,19,0,0,Bottom,Continuous
914.28,Blade,equiGrain,7,4.96,4.69,3.38,54.68,32.870000000000005,8.23,4.22,2,0,0,Bottom,Continuous
1275.22,Valve,singleGrain,25,0.78,1.28,45.1,54.94,31.77,9.81,3.48,25,0,0,Bottom,Continuous
1437.17,Blade,colGrain,25,1.67,9.79,16.4,67.31,14.969999999999995,12.74,4.98,46,1,0,Top,Continuous
1528.59,Nozzle,colGrain,24,2.0,2.24,47.35,61.28,29.629999999999995,5.38,3.71,23,0,0,Bottom,Investment
1160.9,Blade,equiGrain,29,1.37,3.66,24.24,62.41,18.03,18.05,1.51,24,0,0,Bottom,Continuous
1619.4,Valve,singleGrain,19,1.98,8.25,47.78,58.8,19.15,20.0,2.05,30,0,1,Top,Investment
1086.93,Blade,colGrain,12,0.9,9.91,45.09,52.32,39.32,5.51,2.85,10,0,0,Bottom,Investment
1825.19,Blade,colGrain,17,1.33,5.4,45.6,61.16,19.88000000000001,14.12,4.84,19,0,0,Bottom,Continuous
1404.54,Nozzle,singleGrain,25,4.38,7.3,6.68,54.43,27.62,14.49,3.46,16,0,0,Top,Die
1709.57,Block,equiGrain,25,1.7,7.99,31.88,61.73,18.74,15.5,4.03,22,0,0,Top,Continuous
1339.81,Blade,colGrain,24,2.53,5.23,50.71,56.7,32.66,6.42,4.22,15,0,0,Top,Die
1103.2,Nozzle,singleGrain,6,0.84,3.86,3.95,60.72,18.770000000000003,17.38,3.13,5,0,0,Top,Investment
1262.22,Valve,singleGrain,15,2.75,7.56,13.46,54.16,24.510000000000005,17.27,4.06,8,0,0,Top,Investment
1172.33,Nozzle,singleGrain,9,4.93,3.79,24.98,58.87,30.700000000000006,8.45,1.98,5,0,0,Top,Continuous
1603.71,Blade,singleGrain,24,1.73,4.94,18.81,64.03,18.48,13.5,3.99,32,0,0,Top,Investment
665.36,Valve,equiGrain,10,2.63,8.1,50.23,53.78,26.63,17.25,2.34,0,0,0,Bottom,Die
1055.89,Nozzle,equiGrain,9,1.5,8.01,39.7,67.83,22.19,6.86,3.12,0,4,0,Top,Investment
707.17,Blade,singleGrain,30,1.17,6.68,9.91,54.83,28.71,13.84,2.62,53,0,8,Top,Investment
808.42,Blade,equiGrain,7,1.5,4.4,43.5,54.35,29.75,13.47,2.43,1,2,0,Bottom,Die
1275.22,Valve,equiGrain,21,3.54,6.43,32.45,55.82,36.53,6.4,1.25,23,0,0,Bottom,Die
656.48,Valve,singleGrain,27,2.31,6.73,25.58,50.12,37.28,11.75,0.85,27,0,0,Bottom,Continuous
1546.06,Block,colGrain,22,4.09,9.3,41.5,55.2,34.06999999999999,7.31,3.42,20,0,0,Top,Continuous
1264.23,Valve,colGrain,20,3.7,9.84,1.7,50.19,41.18,6.53,2.1,10,4,0,Top,Die
580.94,Blade,equiGrain,5,0.82,6.09,59.06,54.16,28.15000000000001,14.37,3.32,0,4,0,Bottom,Continuous
1539.34,Nozzle,singleGrain,12,2.9,4.36,45.26,63.47,20.19,13.43,2.91,10,0,3,Bottom,Die
1778.86,Valve,colGrain,19,4.67,6.62,12.23,59.11,23.22,14.67,3.0,22,3,0,Bottom,Die
896.03,Nozzle,singleGrain,30,1.14,4.68,6.15,53.74,25.69,17.68,2.89,34,0,0,Bottom,Investment
1336.23,Valve,equiGrain,13,3.23,9.14,56.2,66.72,14.750000000000002,15.27,3.26,15,0,0,Top,Continuous
1580.37,Blade,singleGrain,25,1.62,8.75,26.28,61.4,28.020000000000003,7.25,3.33,13,0,0,Top,Die
1440.54,Valve,colGrain,11,2.07,1.89,40.88,65.81,13.059999999999995,17.46,3.67,12,2,0,Bottom,Die
1131.57,Block,colGrain,15,1.52,9.9,59.67,56.7,28.09,13.96,1.25,8,0,0,Bottom,Investment
1669.89,Blade,singleGrain,17,1.91,3.66,3.79,56.94,35.36,6.48,1.22,15,0,0,Bottom,Die
1090.42,Block,colGrain,7,3.45,9.84,47.93,61.83,27.4,9.66,1.11,3,0,0,Bottom,Die
1269.32,Block,equiGrain,25,4.82,1.11,3.7,53.47,40.44,5.59,0.5,23,1,0,Bottom,Continuous
1210.49,Nozzle,singleGrain,5,3.09,3.44,14.62,62.41,18.660000000000004,17.82,1.11,0,0,0,Top,Continuous
1815.05,Valve,singleGrain,19,4.63,8.89,6.29,67.94,18.74,10.73,2.59,12,0,3,Top,Continuous
1571.63,Nozzle,equiGrain,21,2.57,2.75,38.39,62.67,29.5,6.12,1.71,21,0,0,Top,Investment
1226.53,Block,equiGrain,9,1.21,2.5,26.86,59.41,31.63000000000001,5.27,3.69,1,2,0,Top,Continuous
1256.82,Nozzle,equiGrain,27,4.02,3.83,29.91,66.69,15.64,16.46,1.21,21,0,0,Top,Continuous
1639.71,Blade,colGrain,19,1.92,7.95,59.44,62.18,23.9,10.26,3.66,30,1,0,Top,Investment
1075.68,Nozzle,singleGrain,10,1.1,6.39,14.4,60.3,30.97,7.8,0.93,0,0,0,Top,Die
428.51,Blade,equiGrain,6,0.82,7.61,58.02,50.3,39.67,6.93,3.1,3,3,0,Bottom,Continuous
1522.8,Blade,colGrain,15,3.9,5.58,27.97,56.24,23.91,16.23,3.62,0,0,0,Top,Continuous
976.85,Valve,colGrain,29,0.58,3.49,39.81,67.43,10.559999999999992,17.37,4.64,30,0,0,Bottom,Investment
1204.55,Block,colGrain,27,1.43,2.55,31.75,61.43,18.76,17.22,2.59,31,4,0,Bottom,Die
1037.73,Block,equiGrain,9,1.81,2.72,58.94,63.3,22.540000000000003,11.16,3.0,29,0,0,Top,Continuous
1061.76,Blade,colGrain,30,1.32,7.01,15.58,66.17,15.019999999999998,16.62,2.19,27,3,0,Bottom,Die
1092.34,Block,singleGrain,9,1.66,6.36,22.31,61.18,20.8,15.25,2.77,1,0,8,Bottom,Die
1499.1,Blade,equiGrain,12,2.76,8.3,8.17,67.06,23.87,5.89,3.18,26,0,0,Top,Die
1237.72,Block,equiGrain,9,1.85,4.09,36.29,67.18,15.039999999999994,14.93,2.85,0,0,0,Bottom,Die
1013.39,Block,singleGrain,6,2.0,1.43,46.41,58.62,31.82,8.52,1.04,0,0,0,Bottom,Die
1027.62,Blade,equiGrain,8,3.01,6.43,40.23,61.08,28.71,9.18,1.03,0,4,0,Top,Continuous
859.04,Valve,singleGrain,26,2.81,1.61,10.62,52.58,29.96,14.63,2.83,29,0,0,Bottom,Continuous
1647.04,Nozzle,colGrain,25,1.54,3.39,18.38,68.53,18.39,9.58,3.5,12,0,0,Top,Continuous
1040.6,Nozzle,singleGrain,7,2.24,4.0,46.13,59.06,29.57,10.54,0.83,1,0,0,Bottom,Continuous
1114.4,Nozzle,equiGrain,26,1.77,1.08,29.81,66.29,17.06999999999999,15.88,0.76,45,0,0,Top,Die
1200.48,Block,colGrain,13,1.36,6.36,47.65,51.0,33.51,12.47,3.02,15,2,0,Top,Continuous
1047.01,Nozzle,equiGrain,10,4.52,9.91,11.64,61.48,28.32,9.35,0.85,0,2,0,Bottom,Die
803.13,Nozzle,colGrain,30,4.41,4.46,35.46,50.79,38.63,8.22,2.36,26,0,0,Top,Investment
1574.66,Block,equiGrain,12,2.19,3.92,51.02,67.69,18.550000000000004,10.72,3.04,17,2,0,Top,Continuous
1245.88,Block,singleGrain,5,3.35,8.74,24.77,63.98,25.49000000000001,8.62,1.91,0,0,0,Top,Investment
1526.84,Nozzle,colGrain,23,1.87,9.0,17.74,60.15,20.15,15.35,4.35,27,2,0,Top,Die
809.01,Valve,equiGrain,6,2.16,8.1,41.16,54.96,34.7,7.32,3.02,3,0,0,Bottom,Die
1766.6,Valve,equiGrain,20,0.77,4.65,46.03,66.43,21.529999999999998,7.14,4.9,17,0,0,Bottom,Continuous
1132.76,Nozzle,equiGrain,14,1.28,1.39,37.43,50.3,40.39,5.96,3.35,5,0,0,Top,Investment
1503.03,Block,equiGrain,16,1.16,3.1,15.37,51.6,34.86,12.28,1.26,18,3,0,Bottom,Die
945.47,Nozzle,colGrain,29,4.64,4.18,13.74,51.89,26.98,18.18,2.95,31,0,0,Top,Continuous
2011.27,Blade,singleGrain,16,2.05,3.46,13.57,67.46,11.360000000000005,18.01,3.17,5,0,0,Top,Continuous
1271.53,Nozzle,equiGrain,13,3.16,4.09,56.72,69.9,14.859999999999994,12.55,2.69,10,3,0,Top,Investment
1079.5,Blade,equiGrain,14,1.33,9.85,18.02,50.39,27.57,17.93,4.11,8,0,0,Bottom,Investment
1527.72,Nozzle,equiGrain,20,2.14,8.13,2.06,53.7,36.98,7.56,1.76,16,4,0,Top,Die
875.96,Block,singleGrain,28,3.83,3.31,37.96,54.7,33.34,11.35,0.61,23,0,7,Bottom,Die
1282.96,Blade,equiGrain,13,0.76,1.79,53.38,60.75,25.84,12.46,0.95,18,0,0,Top,Continuous
1695.95,Blade,equiGrain,16,0.62,4.4,4.04,57.62,30.97,7.18,4.23,23,0,0,Bottom,Investment
1037.22,Valve,equiGrain,22,3.45,3.48,46.59,51.61,30.39,16.21,1.79,27,4,0,Bottom,Continuous
700.33,Valve,equiGrain,5,1.45,2.19,39.5,52.9,36.96,5.5,4.64,0,0,0,Bottom,Continuous
1068.14,Nozzle,colGrain,24,2.37,3.98,58.81,53.2,34.62,9.71,2.47,20,0,0,Bottom,Die
1071.19,Blade,equiGrain,30,3.16,1.21,54.49,62.03,26.14,7.78,4.05,30,0,0,Bottom,Continuous
1208.41,Block,colGrain,6,1.11,1.67,18.75,60.83,14.87,19.64,4.66,0,0,0,Bottom,Continuous
1935.38,Blade,colGrain,16,1.5,7.91,29.69,62.01,28.93,6.92,2.14,8,0,0,Top,Continuous
1484.51,Valve,colGrain,11,4.7,3.52,28.92,60.88,17.81,19.7,1.61,9,0,0,Bottom,Continuous
1518.58,Blade,singleGrain,14,4.32,4.76,30.4,58.82,31.74,8.08,1.36,13,0,0,Bottom,Continuous
1656.98,Valve,singleGrain,19,1.58,1.08,23.41,61.62,22.450000000000003,14.8,1.13,12,0,7,Bottom,Die
2024.13,Block,equiGrain,20,4.24,6.0,31.51,64.71,17.400000000000006,17.36,0.53,9,0,0,Top,Investment
1561.54,Nozzle,equiGrain,21,3.84,5.89,28.2,57.57,21.13,18.42,2.88,24,0,0,Top,Investment
1562.9,Valve,singleGrain,20,2.92,6.37,6.35,53.49,26.62,17.35,2.54,23,0,0,Bottom,Investment
1464.19,Blade,equiGrain,24,1.47,8.81,27.65,61.65,27.24,8.89,2.22,23,2,0,Bottom,Die
1368.95,Valve,equiGrain,20,4.77,6.62,48.5,50.49,41.01,6.79,1.71,17,0,0,Bottom,Continuous
1489.61,Nozzle,colGrain,23,2.18,2.8,17.19,56.88,21.23,17.62,4.27,22,3,0,Bottom,Continuous
775.77,Nozzle,equiGrain,30,1.09,6.36,12.52,53.17,25.98,19.58,1.27,33,0,0,Top,Investment
1159.77,Block,colGrain,8,2.72,1.89,33.76,68.04,19.27,8.04,4.65,0,0,0,Bottom,Investment
755.11,Valve,colGrain,27,4.95,7.07,57.27,56.24,31.86,9.03,2.87,30,0,0,Bottom,Die
1324.9,Blade,colGrain,15,2.12,1.19,33.31,55.45,36.56,6.71,1.28,10,0,0,Bottom,Continuous
887.93,Nozzle,singleGrain,5,2.61,1.85,30.76,57.4,21.270000000000003,16.36,4.97,9,0,8,Top,Continuous
1112.5,Valve,equiGrain,15,4.42,2.44,22.11,51.79,36.19,9.74,2.28,10,0,0,Bottom,Investment
1930.65,Blade,equiGrain,20,3.26,4.11,31.33,63.88,21.7,9.95,4.47,16,2,0,Bottom,Investment
1645.23,Nozzle,singleGrain,24,3.61,7.85,16.98,62.18,23.56,12.8,1.46,26,0,0,Top,Continuous
1650.34,Valve,equiGrain,20,3.73,1.38,16.41,54.62,32.99,9.14,3.25,22,0,0,Top,Investment
835.14,Nozzle,equiGrain,7,4.65,7.5,35.79,51.64,39.54,5.39,3.43,0,0,0,Top,Investment
1307.49,Block,equiGrain,29,4.92,5.47,26.23,62.44,20.630000000000003,14.46,2.47,32,4,0,Top,Continuous
990.0,Valve,colGrain,30,4.43,4.63,49.2,67.08,12.69,18.37,1.86,36,3,0,Top,Continuous
1370.95,Nozzle,singleGrain,11,0.89,1.37,47.2,57.78,20.51,17.4,4.31,10,0,0,Top,Investment
1944.89,Nozzle,colGrain,18,1.54,6.94,40.7,66.74,17.910000000000004,11.55,3.8,10,0,0,Top,Investment
1187.38,Block,colGrain,23,3.72,1.48,55.8,52.66,37.05,8.64,1.65,23,0,0,Bottom,Continuous
1444.98,Blade,singleGrain,14,1.21,4.0,2.18,65.89,19.2,12.99,1.92,7,0,0,Top,Investment
1006.46,Blade,singleGrain,7,3.54,2.0,41.17,66.17,16.58,15.75,1.5,3,0,2,Bottom,Die
1032.69,Blade,equiGrain,7,2.99,1.46,36.3,68.83,13.450000000000005,15.76,1.96,0,0,0,Top,Die
1206.57,Block,equiGrain,28,0.61,8.66,8.21,66.27,21.070000000000004,10.09,2.57,26,4,0,Top,Continuous
1425.1,Valve,singleGrain,25,2.3,6.79,37.92,65.93,23.699999999999992,9.32,1.05,1,0,0,Top,Investment
1584.77,Block,equiGrain,15,1.86,5.34,47.55,65.83,23.06,8.31,2.8,10,2,0,Bottom,Die
1213.01,Nozzle,singleGrain,11,4.29,1.15,40.64,51.22,34.980000000000004,12.16,1.64,10,0,0,Bottom,Continuous
1541.69,Valve,colGrain,17,4.42,6.45,53.14,69.98,20.169999999999995,6.87,2.98,17,4,0,Top,Investment
1551.53,Nozzle,colGrain,24,2.24,7.0,32.84,68.18,22.68999999999999,7.53,1.6,28,0,0,Bottom,Continuous
1625.32,Block,colGrain,17,0.7,6.91,15.82,54.03,29.86,15.38,0.73,17,0,0,Bottom,Investment
1086.9,Blade,singleGrain,29,2.39,8.67,47.18,65.3,13.660000000000002,19.07,1.97,30,0,0,Bottom,Die
1044.96,Nozzle,equiGrain,27,2.94,1.64,9.76,56.62,30.49,10.11,2.78,23,3,0,Top,Die
1097.6,Blade,singleGrain,23,1.46,6.31,34.43,50.17,42.25,5.08,2.5,50,0,0,Top,Die
1271.43,Blade,equiGrain,21,4.88,5.71,48.03,52.1,38.47,5.79,3.64,22,0,0,Bottom,Continuous
1112.46,Blade,equiGrain,26,3.12,6.73,9.83,63.47,21.72,13.64,1.17,35,0,0,Top,Die
953.92,Nozzle,colGrain,26,2.83,9.42,53.79,69.05,18.22,11.09,1.64,27,0,0,Bottom,Investment
1253.8,Block,colGrain,6,3.07,8.48,10.58,59.74,17.689999999999998,19.59,2.98,9,0,0,Top,Continuous
1185.61,Nozzle,colGrain,6,3.25,9.27,39.9,60.1,29.58,6.18,4.14,0,0,0,Bottom,Continuous
1892.89,Blade,equiGrain,20,0.92,3.19,33.77,69.17,15.53,11.79,3.51,23,2,0,Bottom,Continuous
1232.95,Blade,equiGrain,22,4.96,4.79,52.41,55.97,33.25,10.24,0.54,26,1,0,Bottom,Continuous
1348.39,Blade,equiGrain,22,4.44,5.11,1.84,54.59,30.05,12.47,2.89,34,0,0,Top,Continuous
942.15,Block,equiGrain,6,1.11,4.85,50.55,56.48,32.57000000000001,8.72,2.23,0,0,0,Bottom,Die
883.6,Block,colGrain,28,3.34,6.9,20.3,50.34,30.47,14.87,4.32,25,0,0,Bottom,Die
927.08,Nozzle,equiGrain,7,3.98,8.55,44.8,69.6,16.69000000000001,12.37,1.34,25,1,0,Top,Die
1800.5,Nozzle,equiGrain,18,1.37,8.02,56.21,65.45,20.53,10.21,3.81,18,2,0,Bottom,Continuous
1550.52,Blade,colGrain,11,4.07,7.46,34.07,61.23,22.69,11.74,4.34,4,2,0,Top,Continuous
1880.53,Block,equiGrain,18,1.79,6.81,41.88,61.61,26.750000000000004,10.01,1.63,6,4,0,Top,Die
1581.24,Blade,equiGrain,23,1.59,8.13,37.5,64.94,21.24,10.67,3.15,24,0,0,Bottom,Die
969.42,Blade,equiGrain,10,3.89,4.43,30.18,55.51,30.72,9.79,3.98,3,0,0,Bottom,Investment
1103.93,Nozzle,equiGrain,12,1.45,7.46,45.67,50.63,30.739999999999995,16.66,1.97,6,0,0,Top,Continuous
1881.55,Nozzle,singleGrain,19,1.42,1.26,48.67,59.79,21.51,15.68,3.02,20,0,0,Bottom,Die
1263.86,Nozzle,colGrain,12,1.33,3.53,58.45,58.72,29.590000000000003,9.05,2.64,3,4,0,Top,Continuous
1232.09,Nozzle,colGrain,28,4.39,7.44,36.11,59.42,19.96,17.23,3.39,38,2,0,Top,Continuous
962.19,Blade,colGrain,28,1.33,6.63,21.68,57.76,35.91,5.2,1.13,25,0,0,Bottom,Die
1342.92,Blade,colGrain,14,2.66,3.72,8.81,58.11,21.05,15.96,4.88,14,1,0,Top,Investment
1147.79,Nozzle,equiGrain,27,1.88,3.21,30.96,58.76,22.85,15.98,2.41,18,0,0,Top,Investment
1074.46,Valve,singleGrain,26,4.03,8.47,23.87,63.76,20.03,15.57,0.64,27,0,0,Bottom,Die
1494.65,Valve,colGrain,13,1.77,5.65,32.01,63.06,16.159999999999997,16.7,4.08,26,0,0,Top,Die
773.75,Blade,singleGrain,27,4.92,6.43,52.08,54.55,36.48,7.34,1.63,48,0,0,Top,Die
1480.76,Valve,equiGrain,23,2.77,5.54,40.28,62.09,22.37,14.66,0.88,11,0,0,Top,Continuous
1726.25,Blade,singleGrain,19,1.0,2.79,46.97,59.66,30.690000000000005,7.93,1.72,35,0,0,Top,Investment
2043.41,Block,colGrain,17,1.55,3.1,16.68,65.2,16.939999999999998,13.78,4.08,28,0,0,Top,Investment
637.76,Nozzle,singleGrain,8,2.14,2.84,57.93,51.02,27.91,17.94,3.13,1,0,0,Bottom,Continuous
1906.92,Blade,equiGrain,20,2.64,5.8,31.03,69.12,10.119999999999996,18.33,2.43,15,2,0,Bottom,Continuous
968.16,Blade,singleGrain,9,0.79,8.36,48.12,59.14,24.38,13.52,2.96,0,0,0,Bottom,Investment
1066.44,Nozzle,colGrain,7,2.73,7.68,11.49,63.93,19.73,14.66,1.68,8,4,0,Top,Die
1173.51,Block,colGrain,26,3.14,1.16,13.95,65.42,25.88,7.51,1.19,29,4,0,Top,Investment
1165.33,Nozzle,equiGrain,26,1.26,8.3,26.83,59.07,30.25,8.54,2.14,25,0,0,Bottom,Continuous
1064.87,Nozzle,equiGrain,8,3.9,5.93,16.04,57.33,32.82000000000001,5.76,4.09,0,3,0,Top,Investment
977.6,Blade,singleGrain,26,2.39,6.75,56.62,65.63,16.820000000000004,13.35,4.2,30,0,1,Bottom,Die
1548.92,Block,equiGrain,23,3.91,6.63,26.4,58.71,26.66,9.67,4.96,23,0,0,Bottom,Die
1215.59,Block,singleGrain,8,4.99,6.85,12.09,59.16,31.1,6.57,3.17,0,0,0,Bottom,Investment
889.15,Block,singleGrain,9,1.37,7.91,7.28,56.15,33.69,6.39,3.77,2,0,8,Bottom,Investment
1458.23,Blade,colGrain,14,3.74,3.77,28.54,60.41,27.870000000000005,10.47,1.25,9,0,0,Bottom,Investment
623.24,Valve,singleGrain,5,2.64,7.42,58.67,55.49,34.96,5.48,4.07,10,0,0,Top,Investment
1109.35,Valve,equiGrain,28,3.46,4.04,10.09,65.92,12.489999999999998,19.0,2.59,30,1,0,Bottom,Die
1124.52,Valve,equiGrain,22,1.49,7.66,33.97,53.37,33.92,10.86,1.85,32,0,0,Top,Die
920.93,Nozzle,equiGrain,27,2.86,9.57,58.84,63.48,20.67,13.81,2.04,33,2,0,Bottom,Die
1040.57,Nozzle,equiGrain,29,4.8,3.69,40.12,69.94,11.940000000000005,16.58,1.54,28,0,0,Bottom,Investment
1190.99,Valve,colGrain,11,3.15,4.53,37.32,55.92,27.98,11.24,4.86,9,3,0,Bottom,Investment
732.59,Block,equiGrain,9,4.62,6.41,54.27,52.51,27.64,17.18,2.67,0,3,0,Top,Investment
1133.73,Valve,singleGrain,24,3.2,2.94,1.37,54.07,22.27,18.89,4.77,26,0,2,Bottom,Continuous
743.04,Valve,colGrain,6,2.15,7.13,10.3,53.71,29.89,13.65,2.75,1,0,0,Bottom,Investment
957.41,Valve,equiGrain,5,4.65,6.31,8.47,63.55,13.64,18.12,4.69,0,3,0,Top,Investment
1273.24,Valve,colGrain,24,4.29,2.18,19.94,56.93,22.8,18.29,1.98,24,4,0,Bottom,Die
1565.34,Valve,singleGrain,19,4.02,7.45,1.73,55.81,27.63,15.15,1.41,17,0,0,Bottom,Die
1266.46,Blade,colGrain,11,2.99,8.02,30.42,53.2,30.13,12.04,4.63,10,0,0,Bottom,Continuous
1899.09,Nozzle,colGrain,17,1.85,6.08,20.27,69.26,11.569999999999997,16.22,2.95,16,0,0,Top,Die
359.71,Blade,equiGrain,9,2.3,8.64,57.18,51.2,31.02,16.4,1.38,5,3,0,Bottom,Investment
1012.21,Valve,equiGrain,13,1.31,3.52,41.78,51.33,30.91,14.95,2.81,15,2,0,Top,Investment
1347.1,Valve,colGrain,11,4.66,5.44,46.16,69.62,17.319999999999993,9.96,3.1,12,0,0,Bottom,Investment
1755.73,Valve,equiGrain,19,1.54,4.96,18.25,62.54,21.76,14.33,1.37,15,3,0,Top,Die
922.19,Blade,singleGrain,5,4.89,2.35,1.36,59.44,27.5,12.3,0.76,0,0,0,Top,Investment
1548.29,Nozzle,equiGrain,22,3.53,3.54,34.25,69.5,19.46,8.5,2.54,22,0,0,Bottom,Investment
868.04,Nozzle,equiGrain,9,2.68,5.01,11.4,54.06,35.349999999999994,5.6,4.99,2,2,0,Bottom,Continuous
649.4,Valve,colGrain,26,0.52,4.94,6.1,51.82,28.710000000000004,15.45,4.02,44,1,0,Top,Investment
956.49,Valve,equiGrain,30,1.42,3.3,28.05,55.48,22.430000000000003,18.4,3.69,33,0,0,Top,Continuous
1413.17,Block,equiGrain,14,2.71,5.75,29.09,52.84,28.349999999999994,15.46,3.35,13,0,0,Top,Die
1628.04,Block,colGrain,12,2.91,5.33,44.44,66.07,14.230000000000004,15.17,4.53,4,0,0,Top,Investment
1280.52,Nozzle,colGrain,21,1.95,1.31,18.8,52.62,33.77,11.15,2.46,24,0,0,Bottom,Die
1268.37,Block,equiGrain,6,3.4,7.2,39.65,64.02,13.990000000000006,18.29,3.7,11,0,0,Top,Die
1495.91,Valve,equiGrain,25,1.57,3.22,33.57,64.31,11.43,19.97,4.29,12,0,0,Top,Investment
1355.36,Nozzle,equiGrain,23,2.09,9.61,22.56,53.33,35.260000000000005,6.86,4.55,18,0,0,Top,Continuous
1060.75,Nozzle,colGrain,24,1.09,4.31,49.73,51.51,31.090000000000003,16.59,0.81,23,1,0,Bottom,Continuous
926.69,Blade,singleGrain,8,4.36,6.93,6.6,64.48,15.619999999999996,18.38,1.52,0,0,7,Top,Investment
1205.27,Block,singleGrain,10,1.68,1.29,2.84,64.62,24.299999999999997,9.35,1.73,0,0,0,Top,Continuous
850.72,Valve,equiGrain,28,2.08,1.03,40.37,55.21,34.23,6.42,4.14,31,0,0,Bottom,Investment
997.92,Blade,colGrain,5,0.95,2.1,5.79,65.28,27.02,6.85,0.85,3,0,0,Top,Continuous
1273.81,Valve,equiGrain,24,3.75,6.18,47.15,60.99,24.75,13.7,0.56,22,2,0,Bottom,Investment
1816.68,Blade,colGrain,16,2.13,1.66,50.87,64.76,22.309999999999995,9.92,3.01,26,0,0,Top,Die
1533.15,Valve,singleGrain,15,3.15,5.99,10.82,63.52,22.73,12.44,1.31,12,0,0,Bottom,Continuous
1538.47,Blade,singleGrain,22,2.99,5.48,2.39,68.73,15.269999999999996,14.04,1.96,8,0,0,Top,Continuous
1884.08,Nozzle,equiGrain,19,4.03,4.89,45.01,63.1,28.11,6.69,2.1,32,4,0,Top,Die
1700.69,Nozzle,colGrain,22,1.24,3.07,26.94,62.26,24.250000000000004,10.08,3.41,21,0,0,Bottom,Continuous
1337.86,Block,equiGrain,22,3.46,9.9,59.99,57.59,30.76,8.8,2.85,38,0,0,Top,Continuous
1537.58,Nozzle,singleGrain,14,1.01,6.6,30.17,69.24,11.040000000000006,15.86,3.86,8,0,0,Bottom,Die
1333.88,Nozzle,singleGrain,12,3.0,7.33,32.9,54.11,34.32,10.58,0.99,15,0,0,Top,Continuous
1404.25,Valve,singleGrain,18,2.86,4.69,54.44,51.8,24.940000000000005,19.72,3.54,23,0,0,Bottom,Die
918.19,Valve,singleGrain,7,3.21,3.41,51.77,59.92,29.96,9.33,0.79,0,0,0,Top,Continuous
1232.21,Nozzle,equiGrain,6,3.82,5.34,13.88,68.07,19.520000000000007,8.57,3.84,0,0,0,Bottom,Continuous
1139.32,Blade,colGrain,26,3.79,4.59,27.3,60.65,26.690000000000005,10.4,2.26,26,3,0,Bottom,Die
1720.3,Valve,equiGrain,17,1.65,5.76,56.79,65.66,24.520000000000003,6.45,3.37,12,1,0,Top,Continuous
899.63,Valve,equiGrain,5,2.8,1.53,49.91,59.93,25.67,12.39,2.01,3,2,0,Bottom,Continuous
1542.32,Blade,colGrain,14,0.8,4.07,42.04,60.33,23.99,12.82,2.86,6,0,0,Bottom,Continuous
994.51,Valve,equiGrain,24,4.47,2.13,53.54,50.18,30.05,16.46,3.31,19,0,0,Bottom,Continuous
746.49,Nozzle,singleGrain,9,0.67,2.49,20.45,52.68,32.160000000000004,14.0,1.16,6,0,0,Top,Investment
1383.99,Block,singleGrain,21,0.73,9.22,37.11,51.91,25.700000000000003,18.57,3.82,22,0,0,Bottom,Continuous
855.94,Blade,singleGrain,5,4.1,6.44,8.87,52.46,26.55,16.95,4.04,12,0,0,Top,Continuous
1505.96,Nozzle,colGrain,11,3.25,5.22,14.69,66.26,27.559999999999995,5.37,0.81,13,4,0,Bottom,Continuous
